Game,CPU,GPU,RAM,File Size
inZOI,Intel Core i5-10400  / Ryzen 5 3600,NVIDIA GeForce RTX 2060  / Radeon RX 5600 XT,12 GB,60 GB
Assassin's Creed Shadows,Intel Core i7-8700K  / Ryzen 5 3600,NVIDIA GeForce GTX 1070  / Radeon RX 5700,16 GB,100 GB
Grand Theft Auto V,Intel Core i7-4770  / FX-9590,NVIDIA GeForce GTX 1630  / Radeon RX 6400,8 GB,105 GB
Schedule I,Intel Core i5-1300F,AMD Radeon RX 580  / GeForce GTX 1060,8 GB,8 GB
R.E.P.O.,Intel Core i5-6600,NVIDIA GeForce GTX 970,8 GB,1 GB
CS2,Intel Core i5-750,NVIDIA GeForce 610M,8 GB,85 GB
Monster Hunter Wilds,Intel Core i5-10400  / Ryzen 5 3600,NVIDIA GeForce GTX 1660  / Radeon RX 5500 XT,16 GB,75 GB
Marvel Rivals,Intel Core i5-6600K  / Ryzen 5 1600X,NVIDIA GeForce GTX 1060  / Radeon RX 580,16 GB,70 GB
Valorant,Intel Core 2 Duo E8400  / Athlon 200GE,Intel HD 4000  / Radeon R5 230,4 GB,30 GB
Cyberpunk 2077,Intel Core i7-6700  / Ryzen 5 1600,NVIDIA GeForce GTX 1060  / Radeon RX 580,12 GB,70 GB
Split Fiction,Intel Core i5-10400  / Ryzen 5 3600,NVIDIA GeForce RTX 2060  / Radeon RX 5600 XT,12 GB,40 GB
GTA 6,Intel Core i5-6600K,NVIDIA GeForce GTX 1660,12 GB,150 GB
Elden Ring,Intel Core i5-8400  / Ryzen 3 3300X,NVIDIA GeForce GTX 1060 3GB  / Radeon RX 580,12 GB,60 GB
Red Dead Redemption 2,AMD FX-6300,AMD Radeon R9 280,8 GB,150 GB
Fortnite,Intel Core i3-3225,Intel HD 4000  / Radeon HD 7870,8 GB,15 GB
Minecraft,Intel Celeron J4105  / FX-4100,Intel HD 4000  / Radeon R5 220,4 GB,1 GB
FragPunk,Intel Core i7-4790  / Ryzen 3 3100,NVIDIA GeForce GTX 750 Ti  / Radeon RX 550,8 GB,40 GB
Baldur's Gate 3,Intel Core i5-4690  / FX-8350,NVIDIA GeForce GTX 970  / Radeon RX 480,8 GB,150 GB
The Last of Us Part 2 Remastered,Intel Core i3-8100  / Ryzen 3 1300X,NVIDIA GeForce GTX 1650  / Radeon RX 5500 XT,16 GB,150 GB
EA SPORTS FC 25,Intel Core i5-6600K  / Ryzen 5 1600,NVIDIA GeForce GTX 1050 Ti  / Radeon RX 570,8 GB,100 GB
Kingdom Come: Deliverance II,Intel Core i5-8400  / Ryzen 5 2600,NVIDIA GeForce GTX 1060  / Radeon RX 580,16 GB,100 GB
Marvel's Spider-Man 2,Intel Core i3-8100  / Ryzen 3 3100,NVIDIA GeForce GTX 1650  / Radeon RX 5500 XT,16 GB,140 GB
HELLDIVERS 2,Intel Core i7-4790K  / Ryzen 5 1500X,AMD Radeon RX 470  / GeForce GTX 1050 Ti,8 GB,100 GB
PUBG: Battlegrounds,AMD FX-6300,AMD Radeon R9 270 / R7 370,8 GB,40 GB
Hogwarts Legacy,Intel Core i5-6600,NVIDIA GeForce GTX 980,16 GB,85 GB
Ghost of Tsushima DIRECTORS CUT,Intel Core i3-7100  / Ryzen 3 1200,NVIDIA GeForce GTX 960  / Radeon RX 5500 XT,8 GB,75 GB
Forza Horizon 5,Intel Core i5-4460,AMD Radeon RX 470,8 GB,110 GB
God of War Ragnarök,Intel Core i5-4670K  / Ryzen 3 1200,NVIDIA GeForce GTX 1060  / Radeon RX 5500 XT,8 GB,190 GB
The Last of Us,Intel Core i7-4770K  / Ryzen 5 1500X,NVIDIA GeForce GTX 970  / Radeon RX 470,16 GB,100 GB
Call of Duty: Warzone,Intel Core i3-4340  / FX-6300,NVIDIA GeForce GTX 670  / GeForce GTX 1650 / Radeon HD 7950,8 GB,175 GB
BLEACH Rebirth of Souls,Intel Core i7-9700K,NVIDIA GeForce RTX 2070,16 GB,75 GB
Windows 11,Intel Celeron G4900,NVIDIA GeForce GTX 1050,4 GB,64 GB
Genshin Impact,Intel Core i5-4460,NVIDIA GeForce GT 1030,8 GB,30 GB
GTA 4,AMD Athlon 64 X2 TK-55,ATI Radeon X1900,1.5 GB,16 GB
Rise of the Rōnin,Intel Core i5-7600K,NVIDIA GeForce GTX 1660,8 GB,80 GB
Ready Or Not,Intel Core i5-4430  / FX-6300,AMD Radeon R7 370  / GeForce GTX 960,8 GB,90 GB
Rust,Intel Core i7-3770,AMD Radeon R9 280,10 GB,35 GB
Microsoft Flight Simulator 2024,Intel Core i7-6800K  / Ryzen 5 2600X,AMD Radeon RX 5700  / GeForce GTX 970,16 GB,50 GB
Solo Leveling:Arise,Intel Core i3-3220,NVIDIA GeForce GTX 1050,8 GB,20 GB
Delta Force,Intel Core i3-4150  / FX-6300,NVIDIA GeForce GTX 960  / Radeon R9 380,12 GB,60 GB
WWE 2K25,Intel Core i5-4460,AMD Radeon RX 480  / GeForce GTX 1060,12 GB,103 GB
FIFA 23,Intel Core i5-6600K,NVIDIA GeForce GTX 1050 Ti,8 GB,100 GB
Atomfall,Intel Core i5-9400F,NVIDIA GeForce RTX 2060,16 GB,60 GB
Red Dead Redemption,AMD FX-6300,AMD Radeon R9 280,8 GB,20 GB
Wuthering Waves,Intel Core i5-9400  / Ryzen 7 2700U,NVIDIA GeForce GTX 1060  / Radeon RX 570,16 GB,30 GB
Call of Duty: Black Ops 6,Intel Core i3-8100,NVIDIA GeForce GTX 1660 Ti,12 GB,128 GB
Sons of the Forest,Intel Core i5-8400  / Ryzen 5 3600X,NVIDIA GeForce GTX 1060  / Radeon RX 5700 XT,12 GB,20 GB
Final Fantasy 16,Intel Core i5-8400  / Ryzen 5 1600,NVIDIA GeForce GTX 1070  / Radeon RX 5700,16 GB,170 GB
Battlefield 1,Intel Core i5-6600K,NVIDIA GeForce GTX 660,8 GB,50 GB
Adobe Photoshop,Intel Core i7-920,NVIDIA GeForce GTX 950,8 GB,4 GB
ARK: Survival Ascended,Intel Core i7-6800K  / Ryzen 5 2600X,NVIDIA GeForce GTX 1080  / Radeon RX 5600 XT,16 GB,70 GB
Black Myth: Wukong,Intel Core i5-8400  / Ryzen 5 1600,NVIDIA GeForce GTX 1060  / Radeon RX 580,16 GB,130 GB
Avowed,Intel Core i5-8400  / Ryzen 5 2600,NVIDIA GeForce GTX 1070  / Radeon RX 5700,16 GB,75 GB
The First Berserker: Khazan,Intel Core i3-6300  / Ryzen 3 1200,AMD Radeon RX 580  / GeForce GTX 970,12 GB,70 GB
Apex Legends,Intel Core i3-6300  / FX-4350,NVIDIA GeForce GT 640  / Radeon HD 7730,6 GB,22 GB
Wreckfest 2,Intel Core i5-8600,NVIDIA GeForce GTX 1060,8 GB,15 GB
The Witcher 3,AMD Phenom II X4 940,NVIDIA GeForce GTX 660,6 GB,35 GB
Tom Clancys Rainbow Six Siege,AMD Phenom II X4 945,NVIDIA GeForce GTX 460,6 GB,61 GB
Palworld,Intel Core i5-3570K,NVIDIA GeForce GTX 1050,16 GB,40 GB
Blood Strike,Intel Pentium 4 2.00GHz,NVIDIA GeForce 9400,4 GB,1 GB
World of Warcraft,Intel Core i5-4210H,NVIDIA GeForce GTX 960,8 GB,128 GB
God of War,Intel Core i5-2500K,NVIDIA GeForce GTX 960,8 GB,70 GB
Path of Exile 2,Intel Core i5-2500K,NVIDIA GeForce GTX 960  / Radeon RX 470,8 GB,100 GB
League of Legends,Intel Core i3-530,AMD Radeon HD 6570,2 GB,16 GB
F1® 24,Intel Core i5-9600K,Unknown,8 GB,100 GB
Stalker 2,Intel Core i7-7700K  / Ryzen 5 1600X,AMD Radeon RX 580  / GeForce GTX 1060,16 GB,160 GB
Star Citizen,Intel Core i7-4790K  / Ryzen 5 1600,NVIDIA GeForce GTX 970  / Radeon RX 570,16 GB,150 GB
Dota 2,Intel Pentium D 915,NVIDIA GeForce 8600 GT,4 GB,15 GB
Devil May Cry 5,Intel Core i7-4770,NVIDIA GeForce GTX 760,8 GB,35 GB
FIFA 19,Intel Core i3-2100,AMD Radeon R7 260,8 GB,50 GB
Adobe Premiere Pro,Intel Core i3-6100,NVIDIA GeForce GTX 970,8 GB,8 GB
Silent Hill 2,Intel Core i5-8400  / Ryzen 3 3300X,NVIDIA GeForce GTX 1080  / Radeon RX 5700 XT,12 GB,50 GB
Cricket 24,Intel Core i3-2100,NVIDIA GeForce GTX 770,8 GB,60 GB
Resident Evil 4 Remake,Intel Core i5-7500  / Ryzen 3 1200,NVIDIA GeForce GTX 1050 Ti  / Radeon RX 560,8 GB,40 GB
Cities Skylines 2,Intel Core i7-9700K  / Ryzen 5 2600X,NVIDIA GeForce GTX 970  / Radeon RX 470,8 GB,60 GB
Warframe,Intel Core 2 Duo E6400,Intel HD 3000,4 GB,10 GB
BeamNG.drive,Intel Core i3-6300  / FX-6300,NVIDIA GeForce GTX 550 Ti  / Radeon HD 7750,16 GB,45 GB
Kingdom Come: Deliverance,AMD Phenom II X4 940,NVIDIA GeForce GTX 660,8 GB,40 GB
DOOM 2016,Intel Core i5-2400,AMD Radeon HD 7870,8 GB,55 GB
Fallout 4,AMD Phenom II X4 945,AMD Radeon HD 7870,8 GB,30 GB
Forza Horizon 4,Intel Core i3-4170,NVIDIA GeForce GTX 650 Ti,8 GB,65 GB
Phasmophobia,AMD FX-8350,AMD Radeon R9 290 / 390,8 GB,16 GB
Starfield,Intel Core i7-6800K  / Ryzen 5 2600X,NVIDIA GeForce GTX 1070 Ti  / Radeon RX 5700,16 GB,125 GB
Blender,Intel Core i5-4590,NVIDIA GeForce GTS 450,8 GB,500 MB
NBA 2K25,Intel Core i3-9100,NVIDIA GeForce GTX 960,8 GB,150 GB
It Takes Two,Intel Core i3-2100T,AMD Radeon R7 260X,8 GB,50 GB
Zenless Zone Zero,Intel Core i5-7200U,NVIDIA GeForce GTX 970,8 GB,10 GB
No Man's Sky,Intel Core i3-3210,NVIDIA GeForce GTX 1060  / Radeon RX 470,8 GB,15 GB
Final Fantasy 7 Rebirth,AMD Ryzen 5 1400  / Core i3-8100,AMD Radeon RX 6600  / GeForce RTX 2060,16 GB,155 GB
War Thunder,Intel Core 2 Duo E8400,NVIDIA GeForce GTX 660  / Radeon HD 7750,4 GB,17 GB
Space Marine 2,Intel Core i5-8600K,NVIDIA GeForce GTX 1060,8 GB,75 GB
Sid Meier’s Civilization 7,Intel Core i3-10100  / Ryzen 3 1200,NVIDIA GeForce GTX 1050  / Radeon RX 460,8 GB,20 GB
Sekiro: Shadows Die Twice,Intel Core i3-2100,NVIDIA GeForce GTX 760,4 GB,25 GB
Bodycam,Intel Core i7-9700K  / Core i7-9700K,AMD Radeon RX 5700  / GeForce RTX 2070,8 GB,50 GB
Dragon's Dogma 2,Intel Core i5-10600  / Ryzen 5 3600,NVIDIA GeForce GTX 1070  / Radeon RX 5500 XT,16 GB,100 GB
Assassin's Creed Mirage,AMD Ryzen 5 1600  / Core i7-4790K,AMD Radeon RX 570  / GeForce GTX 1060,8 GB,40 GB
Mortal Kombat 1,Intel Core i5-6600  / Ryzen 3 3100,AMD Radeon RX 470  / GeForce GTX 980,8 GB,100 GB
Far Cry 4,Intel Core i5-750,ATI Radeon HD 5850,4 GB,30 GB
Euro Truck Simulator 2,Intel Celeron J1800,Intel HD 4000,4 GB,3 GB
Marvel’s Spider-Man Remastered,Intel Core i3-4160,NVIDIA GeForce GTX 950,8 GB,75 GB
eFootball PES 2021,Intel Core i5-3470,AMD Radeon HD 7870,8 GB,40 GB
Dune: Awakening,Intel Core i5-7400  / Ryzen 3 1200,NVIDIA GeForce GTX 1060  / Radeon RX 5600 XT,16 GB,60 GB
Diablo 4,Intel Core i5-2500K  / FX-8100,NVIDIA GeForce GTX 660  / Radeon R9 280,8 GB,90 GB
The Sims 4,Intel Core 2 Duo T7600,ATI Radeon HD 2600 PRO,2 GB,20 GB
Monster Hunter: World,Intel Core i5-4460,AMD Radeon R7 260X,8 GB,20 GB
Jurassic World Evolution 2,Intel Core i5-4590,NVIDIA GeForce GTX 1050 Ti,8 GB,14 GB
DayZ,Intel Core i5-4430,NVIDIA GeForce GTX 760,8 GB,16 GB
Once Human,Intel Core i5-4460,NVIDIA GeForce GTX 750 Ti,8 GB,50 GB
FiveM,Intel Core 2 Quad Q6600  / Phenom 9850,NVIDIA GeForce 9800 GT  / Radeon HD 4870 X2,8 GB,76 GB
HITMAN World of Assassination,Intel Core i5-2500K,AMD Radeon HD 7870,8 GB,60 GB
ARK: Survival Evolved,Intel Core i5-2400,AMD Radeon HD 7870,8 GB,60 GB
Assetto Corsa,Intel Core 2 Duo U7500,NVIDIA GeForce GTX 460,2 GB,15 GB
TEKKEN 8,Intel Core i5-6600K  / Ryzen 5 1600,NVIDIA GeForce GTX 1050 Ti  / Radeon R9 380X,8 GB,100 GB
Forza Horizon 3,Intel Core i5-3570,NVIDIA GeForce GTX 750 Ti,8 GB,55 GB
DOOM: The Dark Ages,Intel Core i7-10700K  / Ryzen 7 3700X,NVIDIA GeForce RTX 2060 SUPER  / Radeon RX 6600,16 GB,100 GB
Need for Speed Heat,AMD FX-6350,NVIDIA GeForce GTX 760,8 GB,50 GB
Indiana Jones and the Great Circle,Intel Core i7-10700K  / Ryzen 5 3600,NVIDIA GeForce RTX 2060 SUPER  / Radeon RX 6600,16 GB,120 GB
Microsoft Flight Simulator 2020,Intel Core i5-4460,AMD Radeon RX 570,8 GB,150 GB
THE FINALS,Intel Core i5-6600K,NVIDIA GeForce GTX 960,12 GB,15 GB
Lethal Company,Intel Core i5-7400,NVIDIA GeForce GTX 1050,4 GB,1 GB
Far Cry 5,AMD FX-6300,NVIDIA GeForce GTX 670,8 GB,40 GB
Batman: Arkham Knight,Intel Core i5-750,AMD Radeon HD 7870,6 GB,45 GB
Half-Life: Alyx,Intel Core i5-7500,NVIDIA GeForce GTX 1060,12 GB,67 GB
Roblox,Intel Celeron D 430,AMD Radeon 9500,1 GB,1 GB
Escape From Tarkov,Intel Core i3-530  / Phenom II X4 955,NVIDIA GeForce GTX 950  / Radeon R9 270X,8 GB,19 GB
Destiny 2,AMD FX-4350  / Core i3-3250,AMD Radeon HD 7850  / GeForce GTX 660,6 GB,105 GB
Manor Lords,Intel Core i5-4670  / FX-4350,NVIDIA GeForce GTX 1050  / Radeon RX 460,8 GB,16 GB
The Forest,Intel Core 2 Duo T7700,NVIDIA GeForce 8800 GT,4 GB,5 GB
Mount & Blade II: Bannerlord,Intel Core i3-8100,AMD Radeon HD 7850,6 GB,60 GB
A Way Out,Intel Core i3-2100T,AMD Radeon HD 7750,8 GB,25 GB
Overwatch 2,Intel Core i3-530  / Phenom 8650,NVIDIA GeForce GTX 650  / Radeon HD 7350,6 GB,50 GB
Farming Simulator 25,Intel Core i5-6400  / Ryzen 5 1400,NVIDIA GeForce GTX 1050 Ti  / Radeon RX 470,8 GB,45 GB
Satisfactory,Intel Core i5-3570,NVIDIA GeForce GTX 1650,8 GB,15 GB
Enshrouded,Intel Core i5-6400  / Ryzen 5 1500X,NVIDIA GeForce GTX 1060  / Radeon RX 580,16 GB,60 GB
South of Midnight,Intel Core i3-8100  / Ryzen 3 1300X,NVIDIA GeForce GTX 1060  / Radeon RX 580,12 GB,55 GB
Far Cry 3,Intel Core 2 Duo E6700,NVIDIA GeForce 8500 GT,4 GB,15 GB
Half Sword,Intel Core i5-12400T,Unknown,4 GB,Unknown
Borderlands 3,Intel Core i5-3570,NVIDIA GeForce GTX 680,6 GB,75 GB
Call of Duty: Modern Warfare,Intel Core i5-2500,AMD Radeon R9 380,8 GB,50 GB
EA SPORTS FC 24,Intel Core i5-6600K,Unknown,8 GB,100 GB
DARK SOULS III,Intel Core i3-2100,NVIDIA GeForce GTX 750 Ti,4 GB,25 GB
Skyrim,Intel Core 2 Duo E4400,AMD Radeon X1950 Pro,2 GB,6 GB
Arma 3,Intel Core 2 Duo E8400,AMD Radeon HD 5670,4 GB,32 GB
Sea of Thieves,Intel Core 2 Quad Q9450,NVIDIA GeForce GTX 650,4 GB,50 GB
Death Stranding,Intel Core i5-3470,AMD Radeon RX 560,8 GB,80 GB
eFootball 2022,Intel Core i5-2300,AMD Radeon HD 7790,8 GB,50 GB
Mortal Kombat 11,Intel Core i5-750,NVIDIA GeForce GTX 1050,8 GB,Unknown
Battlefield 2042,Intel Core i5-6600K,AMD Radeon RX 560,8 GB,100 GB
Dying Light,AMD FX-8320,NVIDIA GeForce GTX 560,4 GB,40 GB
TEKKEN 7,Intel Core i3-4160,NVIDIA GeForce GTX 660,6 GB,60 GB
Assassin's Creed Unity,Intel Core i5-2500K,NVIDIA GeForce GTX 680,6 GB,50 GB
HITMAN,Intel Core i5-2500K,AMD Radeon HD 7870,8 GB,50 GB
Mortal Shell,Intel Core i5-4590,NVIDIA GeForce GTX 970,8 GB,12 GB
Rocket League,Intel Core 2 Duo E4600,ATI Radeon HD 4850,2 GB,7 GB
Project Zomboid,Intel Core 2 Quad Q9705,AMD Radeon HD 5450,8 GB,7 GB
Cities Skylines,Intel Core 2 Duo T7600,NVIDIA GeForce GTX 260,4 GB,4 GB
UNCHARTED™: Legacy of Thieves Collection,Intel Core i5-4330M  / Ryzen 3 1200,NVIDIA GeForce GTX 960  / Radeon R9 290X,8 GB,126 GB
Arena Breakout: Infinite,Intel Core i5-7500  / Ryzen 5 1400,NVIDIA GeForce GTX 960  / Radeon RX 560,16 GB,60 GB
Detroit: Become Human,Intel Core i7-3770,NVIDIA GeForce GTX 780 Ti,8 GB,Unknown
AI Limit,Intel Core i5-8400,Unknown,12 GB,30 GB
Watch Dogs 2,AMD FX-6300,NVIDIA GeForce GTX 660,6 GB,27 GB
Battlefield 5,Intel Core i5-6600K,NVIDIA GeForce GTX 1050,8 GB,50 GB
Arma Reforger,Intel Core i5-4460,Unknown,8 GB,20 GB
Dragon Age Veilguard,Intel Core i5-8400  / Ryzen 3 3300X,NVIDIA GeForce GTX 970  / Radeon R9 290X,16 GB,100 GB
Call of Duty Black Ops 3,Intel Core i3-530,AMD Radeon HD 6970,6 GB,100 GB
Assassin's Creed IV Black Flag,Intel Core 2 Quad Q8400,ATI Radeon HD 4870,2 GB,30 GB
Free Fire MAX,Intel Core i7-2600,Intel UHD 630,8 GB,10 GB
Assassin's Creed Valhalla,Intel Core i5-4460,NVIDIA GeForce GTX 960,8 GB,50 GB
Assassin's Creed Odyssey,Intel Core i5-2400,NVIDIA GeForce GTX 660,8 GB,46 GB
Valheim,Intel Core 2 Duo Q6867,Unknown,4 GB,1 GB
Total War: Warhammer 3,Intel Core i3-2120,AMD Radeon RX 460,6 GB,120 GB
Subnautica,Intel Core i5-4200M,Intel HD 4600,4 GB,20 GB
Hitman 3,Intel Core i5-2500K,NVIDIA GeForce GTX 660,8 GB,80 GB
Elden Ring Nightreign,Intel Core i5-10600  / Ryzen 5 5500,NVIDIA GeForce GTX 1060,12 GB,30 GB
Dead by Daylight,Intel Core i3-4170,NVIDIA GeForce GTX 460,8 GB,25 GB
Far Cry 6,Intel Core i5-4460,NVIDIA GeForce GTX 960,8 GB,60 GB
Persona 5 Royal,Intel Core i7-4790,AMD Radeon R7 360  / GeForce GTX 650 Ti,8 GB,41 GB
Squad,Intel Core i5-2500K,AMD Radeon HD 7870,8 GB,35 GB
Dying Light 2,Intel Core i3-9100,AMD Radeon RX 560,8 GB,60 GB
FIFA 22,AMD Athlon X4 880K,AMD Radeon HD 7850,8 GB,50 GB
Mortal Kombat X,Intel Core i5-750,ATI Radeon HD 5850,3 GB,36 GB
Crusader Kings 3,Intel Core i3-2120,AMD Radeon HD 7870,6 GB,8 GB
GTA: San Andreas,Intel Core i5-6600K,NVIDIA GeForce GTX 760,8 GB,45 GB
Star Wars Jedi: Survivor,Intel Core i7-7700  / Ryzen 5 1400,NVIDIA GeForce GTX 1070  / Radeon RX 580,8 GB,155 GB
Conan Exiles,AMD FX-6300,NVIDIA GeForce GTX 770,6 GB,50 GB
DARK SOULS: REMASTERED,Intel Core i5-2300,AMD Radeon HD 6870,6 GB,8 GB
Assassin's Creed Origins,AMD FX-6350,NVIDIA GeForce GTX 660,6 GB,42 GB
DRAGON BALL: Sparking! ZERO,Intel Core i5-9600K  / Ryzen 5 2600,NVIDIA GeForce GTX 980  / Radeon RX 590,8 GB,29 GB
Call of Duty Black Ops 2,Intel Core 2 Duo E8200,ATI Radeon HD 3870,2 GB,16 GB
FINAL FANTASY 14,Intel Core i7-7700,AMD Radeon RX 480  / GeForce GTX 970,8 GB,140 GB
Age of Empires 4,Intel Core i5-6300U,AMD Radeon RX Vega,8 GB,50 GB
Resident Evil 2,Intel Core i5-4460  / FX-6300,NVIDIA GeForce GTX 960  / Radeon RX 460,8 GB,26 GB
Mafia III,Intel Core i5-2500K,AMD Radeon HD 7870,6 GB,50 GB
Monster Hunter Rise,AMD FX-6100,AMD Radeon RX 550,8 GB,23 GB
Tom Clancy's Ghost Recon Breakpoint,Intel Core i5-4460,Unknown,8 GB,67 GB
World War Z: Aftermath,Intel Core i3-3220,NVIDIA GeForce GTX 650 Ti,8 GB,50 GB
Atelier Yumia: The Alchemist of Memories & the Envisioned Land,Intel Core i3-8100,NVIDIA GeForce GTX 1650,8 GB,40 GB
Raft,Intel Core 2 Duo Q6867,NVIDIA GeForce GTX 560,4 GB,6 GB
Battlefield 4,Intel Core 2 Duo Q6867,ATI Radeon HD 3870,4 GB,30 GB
DOOM Eternal,Intel Core i5-661,AMD Radeon R9 280,8 GB,50 GB
Tom Clancy's Ghost Recon Wildlands,AMD FX-4320,NVIDIA GeForce GTX 660,6 GB,50 GB
GTA: Vice City,Intel Core i5-6600K,Unknown,8 GB,45 GB
Hell Let Loose,Intel Core i5-6600,NVIDIA GeForce GTX 960,12 GB,30 GB
Need for Speed Unbound,Intel Core i5-8600,NVIDIA GeForce GTX 1050 Ti,8 GB,50 GB
Just Cause 3,Intel Core i5-2500K,AMD Radeon HD 7870,8 GB,54 GB
Anno 1800,Intel Core i5-4460,AMD Radeon R9 270X,8 GB,40 GB
Yandere Simulator,Intel Core i5-750,NVIDIA GeForce GT 1030,4 GB,2 GB
Horizon Forbidden West Complete Edition,Intel Core i3-8100  / Ryzen 3 1300X,NVIDIA GeForce GTX 1650  / Radeon RX 5500 XT,16 GB,150 GB
Hitman: Absolution,Intel Core 2 Duo U7600,AMD Radeon HD 3450,2 GB,24 GB
Death Stranding 2 On the Beach,Intel Core i7-3770S,NVIDIA GeForce GTX 1060,12 GB,100 GB
NieR:Automata,Intel Core i3-2100,AMD Radeon R9 270X,4 GB,50 GB
Watch Dogs,Intel Core 2 Quad Q8400,ATI Radeon HD 5770,6 GB,25 GB
STEEL HUNTERS,Intel Core i5-8400,Unknown,16 GB,32 GB
Days Gone,Intel Core i5-2500K,NVIDIA GeForce GTX 780,8 GB,70 GB
Gray Zone Warfare,Intel Core i5-8600  / Ryzen 5 2600,NVIDIA GeForce GTX 1080  / Radeon RX 5700,16 GB,40 GB
Sleeping Dogs,Intel Core 2 Duo Q6867,NVIDIA GeForce 8800 GT,2 GB,15 GB
Honkai: Star Rail,Intel Core i3-2120,NVIDIA GeForce GTX 650,6 GB,20 GB
Persona 3 Reload,Intel Core i5-2300  / FX-4350,NVIDIA GeForce GTX 650 Ti  / Radeon HD 7850,8 GB,30 GB
BlueStacks,Intel Core 2 Duo E8400,Intel HD Family,4 GB,5 GB
Football Manager 2024,AMD Athlon 64 FX-34,AMD GeForce 9600M GT,4 GB,7 GB
Halo Infinite,Intel Core i5-4460,AMD Radeon RX 570,8 GB,50 GB
Marvel’s Spider-Man: Miles Morales,Intel Core i3-4160,AMD Radeon RX 470,8 GB,75 GB
Mecha BREAK,Intel Core i5-6500,AMD Radeon RX 570,8 GB,Unknown
Clair Obscur: Expedition 33,Intel Core i7-8700K  / Ryzen 5 1600X,NVIDIA GeForce GTX 1060  / Radeon RX 5600 XT,8 GB,55 GB
ENA: Dream BBQ,Intel Core 2 Duo Q6867,NVIDIA GeForce 7100 / nForce 630i,6 GB,10 GB
Call of Duty: Modern Warfare III,Intel Core i5-6600  / Ryzen 5 1400,NVIDIA GeForce GTX 960  / Radeon RX 470,8 GB,79 GB
Call of Duty Modern Warfare 2,Intel Core i5-2500K  / Ryzen 3 1200,NVIDIA GeForce GTX 960  / Radeon RX 470,8 GB,125 GB
Resident Evil 7,Intel Core i5-4460  / FX-6300,NVIDIA GeForce GTX 960  / Radeon RX 460,8 GB,24 GB
Need for Speed (2015),Intel Core i3-4130,AMD Radeon HD 7850,6 GB,30 GB
Stellar Blade,Intel Core i5-7600K  / Ryzen 5 1600X,NVIDIA GeForce GTX 1060 6GB  / Radeon RX 580,16 GB,75 GB
Subnautica 2,Intel Core i5-8400  / Ryzen 5 2600,NVIDIA GeForce GTX 1660  / Radeon RX 5500 XT,8 GB,50 GB
Off The Grid,Intel Core i5-9400,NVIDIA GeForce RTX 3060,16 GB,Unknown
F1 Manager 2024,Intel Core i5-12400T,NVIDIA GeForce GTX 1070,4 GB,Unknown
Chained Together,Intel Core i5-6600  / Ryzen 5 1600X,NVIDIA GeForce GTX 1650,8 GB,6 GB
Resident Evil Village,Intel Core i5-7500,NVIDIA GeForce GTX 1050 Ti,8 GB,50 GB
Enlisted,Intel Core i3-2120,NVIDIA GeForce GTX 660,8 GB,12 GB
Borderlands 4,Intel Core i7-4770K,NVIDIA GeForce GTX 1660,8 GB,100 GB
Hearts of Iron IV,Intel Core 2 Quad Q9400,ATI Radeon HD 5850,4 GB,2 GB
Throne and Liberty,Intel Core i7-7700,NVIDIA GeForce GTX 960,8 GB,63 GB
Metro Exodus,Intel Core i5-4440,AMD Radeon HD 7870,8 GB,59 GB
Call of Duty WW2,Intel Core i3-3225,AMD Radeon HD 7850,8 GB,90 GB
The Genesis Order,Intel Core 2 Duo Q6867,NVIDIA GeForce 510,2 GB,9 GB
Alan Wake 2,Intel Core i5-7600K,NVIDIA GeForce GTX 1070  / Radeon RX 5600 XT,16 GB,90 GB
Dolphin Emulator,Intel Core i5-3550,Intel HD 4000,2 GB,4 GB
Rise of the Tomb Raider,Intel Core i3-2100,NVIDIA GeForce GTX 650,6 GB,25 GB
Mafia: Definitive Edition,Intel Core i5-2550K,NVIDIA GeForce GTX 660,6 GB,50 GB
Need for Speed Most Wanted (2012),Intel Core 2 Duo T7250,ATI Radeon 3000,2 GB,20 GB
Assassin's Creed III,Intel Core 2 Duo E8200,NVIDIA GeForce 7200 GS,2 GB,17 GB
Fallout 76,Intel Core i5-6600K,NVIDIA GeForce GTX 780,8 GB,80 GB
Hollow Knight,Intel Pentium E5200,AMD GeForce 9800 GTX,4 GB,9 GB
Sifu,AMD FX-4350,AMD Radeon R7 250,8 GB,22 GB
eFootball  PES 2020,Intel Core i5-3470,AMD Radeon HD 7870,4 GB,40 GB
Commandos: Origins,Intel Core i5-4690K,AMD Radeon RX 580  / GeForce GTX 970,8 GB,31 GB
Planet Zoo,Intel Core i5-2500,AMD Radeon R9 270X,8 GB,16 GB
RoboCop: Rogue City,Intel Core i7-4790  / Ryzen 5 2600,NVIDIA GeForce GTX 1650  / Radeon RX 480,16 GB,Unknown
Max Payne 3,Intel Core 2 Duo E8400,NVIDIA GeForce 8600 GT,2 GB,35 GB
HITMAN 2,AMD Phenom II X4 940,NVIDIA GeForce GTX 660,8 GB,60 GB
Assassin's Creed,AMD Athlon 64 X2 4400+,ATI FireMV 2400 PCIe,4 GB,8 GB
Lies Of P,Intel Core i3-6300  / Ryzen 3 1200,AMD Radeon RX 560  / GeForce GTX 960,8 GB,50 GB
Star Wars Outlaws,Intel Core i7-8700K  / Ryzen 5 3600,NVIDIA GeForce GTX 1660  / GeForce FX 5600XT,16 GB,65 GB
Call of Duty: Black Ops - Cold War,Intel Core i5-2500K,NVIDIA GeForce GTX 670,8 GB,175 GB
Call of Duty Black Ops,Intel Core 2 Duo E6600,NVIDIA GeForce 8600 GT,2 GB,12 GB
Stray,Intel Core i5-2300,AMD Radeon R7 360,8 GB,10 GB
The Lab,Intel Core i5-4590,NVIDIA GeForce GTX 970,4 GB,Unknown
The Isle,Intel Core 2 Quad Q9650,NVIDIA GeForce GTX 960,8 GB,25 GB
Middle-earth: Shadow of War,Intel Core i5-2300,NVIDIA GeForce GTX 660,6 GB,70 GB
Buckshot Roulette,Intel Core i3-2340UE,NVIDIA GeForce GTX 1060,2 GB,512 MB
Until Dawn,Intel Core i7-4790K,NVIDIA GeForce GTX 1660,8 GB,70 GB
DYNASTY WARRIORS: ORIGINS,Intel Core i5-8400,NVIDIA GeForce GTX 1060,12 GB,50 GB
PRO EVOLUTION SOCCER 2018,Intel Core i5-3450,AMD Radeon HD 7750,8 GB,30 GB
Diablo 2: Resurrected,Intel Core i3-3250,NVIDIA GeForce GTX 660,8 GB,30 GB
Street Fighter 6,Intel Core i5-7500  / Ryzen 3 1200,NVIDIA GeForce GTX 1060  / Radeon RX 580,8 GB,60 GB
Risk of Rain 2,Intel Core i3-6100  / FX-8350,NVIDIA GeForce GTX 580  / Radeon HD 7870,4 GB,4 GB
Farming Simulator 22,Intel Core i5-3330,NVIDIA GeForce GTX 660,8 GB,35 GB
Deep Rock Galactic,Intel Core i5-12400T,Unknown,6 GB,3 GB
Game of Thrones: Kingsroad,Intel Core i5-2500K,NVIDIA GeForce GTX 1060,8 GB,60 GB
Tomb Raider,Intel Core 2 Duo Q6867,Unknown,1 GB,12 GB
Dead Space,Intel Core i5-6500  / Ryzen 5 2600X,NVIDIA GeForce GTX 970  / Radeon RX 5700,8 GB,50 GB
Battlefield 3,Intel Core 2 Duo T7250,ATI Radeon 3000,2 GB,20 GB
Need for Speed Rivals,Intel Core 2 Duo E4600,Intel HD 4000,4 GB,30 GB
Adobe Illustrator,Unknown,Unknown,Unknown,Unknown
UFL,Intel Core i7-6700K,Unknown,12 GB,30 GB
Left 4 Dead 2,Intel Pentium 4 3.00GHz,NVIDIA GeForce 6600,2 GB,13 GB
Two Point Museum,Intel Core i3-8100,Unknown,6 GB,8 GB
Call of Duty,Intel Pentium III 1400 @ 1400MHz,Unknown,128 MB,4 GB
Poppy Playtime,Intel Core i5-12400T,AMD Radeon RX 580,8 GB,20 GB
Asphalt 9: Legends,Intel Core i3-3110M,AMD Radeon HD 6570,8 GB,10 GB
CarX Streets,Intel Core i5-8400,AMD Radeon RX 570,8 GB,20 GB
Deadlock,Intel Core i5-3570K  / Ryzen 5 1400,NVIDIA GeForce GTX 960,8 GB,22.5 GB
Stardew Valley,Intel Core 2 Duo E8400,Intel HD 3000,2 GB,500 MB
DARK SOULS II,Intel Core 2 Duo E8500,ATI Radeon HD 5870,2 GB,12 GB
The Elder Scrolls Online,Intel Core i3-540,AMD Radeon HD 6850,3 GB,85 GB
Counter-Strike,Intel Core 2 Duo E7400,NVIDIA GeForce 8600 GT,4 GB,4 GB
Need For Speed Payback,Intel Core i3-6300,NVIDIA GeForce GTX 750 Ti,6 GB,30 GB
Batman: Arkham City,Intel Core 2 Duo E4600,NVIDIA GeForce 8800 GT,2 GB,17 GB
F1® 22,Intel Core i5-9600K,AMD Radeon RX 470,8 GB,80 GB
Mafia II,Intel Core 2 Duo E8400,ATI Radeon HD 2600 PRO,4 GB,8 GB
PRO EVOLUTION SOCCER 2019,Intel Core i5-3470,NVIDIA GeForce GTX 670,4 GB,30 GB
World War Z,AMD A10-5700,ATI Radeon HD 5870,8 GB,35 GB
The First Descendant,Intel Core i5-3570  / FX-8350,NVIDIA GeForce GTX 1050 Ti  / Radeon RX 570,8 GB,50 GB
Path of Exile,Intel Core 2 Duo E8400,NVIDIA GeForce GTX 650,4 GB,20 GB
Planet Coaster 2,Intel Core i5-6600K  / Ryzen 5 2600,NVIDIA GeForce GTX 1060 6GB  / GeForce FX 5600XT,16 GB,25 GB
Fall Guys,Intel Core i5-2300  / Ryzen 3 1200,NVIDIA GeForce GTX 660  / Radeon HD 7950,8 GB,2 GB
Star Wars Jedi: Fallen Order,Intel Core i3-3220,AMD Radeon HD 7750,8 GB,55 GB
RESIDENT EVIL 3,Intel Core i5-4460  / FX-6300,NVIDIA GeForce GTX 960  / Radeon RX 460,8 GB,45 GB
Control,Intel Core i5-4690,AMD Radeon R9 280X,8 GB,42 GB
Atlas Fallen,Intel Core i5-6600K,NVIDIA GeForce GTX 1050 Ti,8 GB,35 GB
Cricket 19,Intel Core i3-3210,AMD Radeon HD 6670,4 GB,25 GB
Dead Island 2,AMD FX-9590,AMD Radeon RX 480,10 GB,70 GB
Lust 'n Dead ?,Intel Core i5-12400T,Unknown,8 GB,8 GB
7 Days to Die,Intel Core 2 Duo E8400,AMD Radeon HD 5450,6 GB,4 GB
American Truck Simulator,Intel Core 2 Duo E4600,Intel HD 4000,4 GB,3 GB
Teardown,Intel Core i5-1300F,NVIDIA GeForce GTX 1060,4 GB,4 GB
Ranch Simulator,Intel Core i5-3570K,Unknown,8 GB,15 GB
Outer Wilds,Intel Core i5-2300,Unknown,6 GB,8 GB
Sniper Elite: Resistance,Intel Core i5-9400F,NVIDIA GeForce RTX 2060,16 GB,90 GB
FINAL FANTASY XV,Intel Core i5-2500,AMD Radeon R9 280,8 GB,100 GB
Frostpunk 2,Intel Core i5-3210M  / Ryzen 5 5600H,NVIDIA GeForce GTX 1050 Ti  / Radeon RX 550,8 GB,30 GB
Assassin's Creed Syndicate,Intel Core i5-2400S,NVIDIA GeForce GTX 660,6 GB,50 GB
The Forever Winter,Intel Core i7-9700,NVIDIA GeForce RTX 2080 SUPER,16 GB,87 GB
Call of Duty Ghosts,Intel Core 2 Duo E8400,NVIDIA GeForce 510,4 GB,Unknown
Avatar: Frontiers of Pandora,Intel Core i7-8700K  / Ryzen 5 3600,NVIDIA GeForce GTX 1070  / Radeon RX 5700,16 GB,90 GB
Infinity Nikki,Intel Core i5-6600,Intel Arc A380,16 GB,60 GB
The Witcher 4,Intel Core i5-10600K,NVIDIA GeForce RTX 2070,16 GB,100 GB
Titanfall 2,Intel Core i3-6300T,AMD Radeon HD 7850,8 GB,45 GB
World of Tanks,Intel Pentium E2180,NVIDIA GeForce 8600 GT  / Radeon HD 4550,3 GB,70 GB
Batman: Arkham Origins,Intel Core 2 Duo E4600,ATI Radeon HD 3850,2 GB,Unknown
HoneySelect2Libido DX,Intel Pentium 4 2.00GHz,AMD Radeon HD 5450,4 GB,15 GB
Unity Testing Grounds,Intel Pentium 4 2.00GHz,Intel Media Accelerator 500,512 MB,500 MB
Black Desert Online,Intel Core i3-530,ATI Radeon HD 3870,4 GB,27 GB
Fallout New Vegas,Intel Core 2 Duo T5750,AMD Radeon X1300,2 GB,10 GB
ASTRONEER,Intel Core Duo T2450,NVIDIA GeForce 8500 GT,4 GB,2 GB
iRacing,Intel Core i5-4430,AMD Radeon HD 7850,2 GB,16 GB
MiSide,Intel Core i5-2300,Unknown,4 GB,2 GB
WWE 2K24,Intel Core i5-3550,AMD Radeon RX 480,8 GB,90 GB
DARK SOULS: Prepare To Die Edition,Intel Core 2 Duo E6850,AMD GeForce 9800 GTX,2 GB,4 GB
Bazaar,Intel Core i3-330E,AMD Radeon Pro 450,4 GB,100 MB
Terraria,Intel Core 2 Duo T5750,Intel HD 3000,2.5 GB,200 MB
NARAKA: BLADEPOINT,AMD FX-6300,Unknown,8 GB,55 GB
Dark and Darker,Intel Core 2 Quad Q9705,AMD Radeon RX 580  / GeForce GTX 1060,8 GB,12 GB
Hades II,Intel Core i5-3210M,NVIDIA GeForce GTX 950  / Radeon R7 360 / HD 630,8 GB,10 GB
METAL GEAR SOLID V: THE PHANTOM PAIN,Intel Core i5-4460,NVIDIA GeForce GTX 650,4 GB,28 GB
State of Decay 2,Intel Core i5-2500,Unknown,8 GB,30 GB
Disco Elysium,Intel Core 2 Duo Q6867,AMD Radeon HD 5450,2 GB,20 GB
GTFO,Intel Core i5-2500K,AMD Radeon HD 7850,8 GB,15 GB
Shadow of the Tomb Raider,Intel Core i3-3220,NVIDIA GeForce GTX 660,8 GB,40 GB
No Rest for the Wicked,Intel Core i5-8400  / Ryzen 5 2600,NVIDIA GeForce GTX 970  / Radeon RX Vega 56,16 GB,35 GB
Little Nightmares,Intel Core i3-2340UE,NVIDIA GeForce GTX 460,4 GB,10 GB
FIFA 20,AMD Phenom II X4 965,NVIDIA GeForce GTX 660,8 GB,50 GB
SMITE 2,Intel Core 2 Duo Q6867,NVIDIA GeForce 8800 GT,4 GB,30 GB
Grounded,Intel Core i3-3225,NVIDIA GeForce GTX 650 Ti,4 GB,8 GB
Metaphor: ReFantazio,Intel Core i5-3470,Unknown,6 GB,93 GB
 Final Fantasy 7 Remake Intergrade,AMD FX-8350,AMD Radeon RX 480,8 GB,100 GB
Drive Beyond Horizons,Intel Core i5-6600,NVIDIA GeForce GTX 1650,8 GB,Unknown
Yakuza 0,Intel Core i5-3470,Unknown,4 GB,Unknown
Atomic Heart,Intel Core i5-2500,AMD Radeon R9 380,8 GB,90 GB
STAR WARS Battlefront 2,Intel Core i5-6600K,AMD Radeon HD 7850,8 GB,60 GB
Lego Star Wars The Skywalker Saga,Intel Core i5-2400,AMD Radeon HD 7850,8 GB,40 GB
Streamer Life Simulator,Intel Core 2 Duo Q6867,Intel HD 4000,4 GB,5 GB
Crysis Remastered,Intel Core i5-3450,AMD Radeon RX 470,8 GB,20 GB
NINJA GAIDEN 2 Black,Intel Core i5-8400,Unknown,12 GB,85 GB
WWE 2K16,Intel Core i3-2105,ATI Radeon HD 5870,4 GB,44 GB
Mafia: The Old Country,Intel Core i7-9700K  / Ryzen 7 2700X,NVIDIA GeForce RTX 2070  / Radeon RX 5700 XT,16 GB,55 GB
Sid Meier’s Civilization 6,Intel Core i3-3120M,AMD Radeon HD 5570,4 GB,12 GB
"Warhammer 40,000: Darktide",Intel Core i5-6600  / Ryzen 5 2600,NVIDIA GeForce GTX 970  / Radeon RX 570,8 GB,50 GB
PGA TOUR 2K25,Intel Core i5-6600K,AMD Radeon RX 570,8 GB,30 GB
Mad Max,Intel Core i5-650,Unknown,6 GB,32 GB
Amenti,Intel Core i5-3470,Unknown,6 GB,6 GB
RoadCraft,Intel Core i5-8400  / Ryzen 5 1500X,NVIDIA GeForce GTX 1060  / Radeon RX 590,8 GB,40 GB
FIFA 21,Intel Core i3-6100,NVIDIA GeForce GTX 660,8 GB,50 GB
Guild Wars 2,Intel Core i3-4130,NVIDIA GeForce GTX 680  / Radeon HD 7970,8 GB,70 GB
PAYDAY 2,Intel Core Duo T2450,AMD Radeon HD 6450,4 GB,31 GB
Halo: The Master Chief Collection,AMD Phenom II X4 960T,AMD Radeon HD 6850,4 GB,43 GB
Hades,Intel Core 2 Duo Q6867,NVIDIA GeForce 8500 GT,4 GB,15 GB
ARMORED CORE VI FIRES OF RUBICON,Intel Core i7-4790K  / Core i5-8400,AMD Radeon RX 480  / GeForce GTX 1650,12 GB,60 GB
METAL GEAR RISING: REVENGEANCE,Intel Core i5-2400,NVIDIA GeForce GTS 450,2 GB,25 GB
Assetto Corsa EVO,Intel Core i7-8700K,NVIDIA GeForce GTX 1070,16 GB,100 GB
Call of Duty Advanced Warfare,Intel Core i3-530,ATI Radeon HD 5870,6 GB,55 GB
JUMP FORCE,Intel Core i5-2300,NVIDIA GeForce GTX 660,4 GB,17 GB
Palia,Intel Core i5-4670K,NVIDIA GeForce GTX 660,4 GB,22 GB
Remnant 2,Intel Core i5-7600,NVIDIA GeForce GTX 1650,16 GB,80 GB
Horizon Zero Dawn,Intel Core i5-2500K,NVIDIA GeForce GTX 780,8 GB,100 GB
Grand Theft Auto: San Andreas – The Definitive Edition,Intel Core i5-6600K,AMD Radeon R9 280,8 GB,19 GB
DRAGON BALL Z: KAKAROT,Intel Core i5-2400,NVIDIA GeForce GTX 750 Ti,4 GB,36 GB
Far Cry Primal,Intel Core i3-550,ATI Radeon HD 5770,4 GB,20 GB
SONIC X SHADOW GENERATIONS,Intel Core i3-2120,Unknown,8 GB,3 GB
Outlast,Intel Core 2 Duo Q6867,NVIDIA GeForce 9800 GTX+,2 GB,5 GB
The Evil Within,Intel Core i7-610,NVIDIA GeForce GTX 460,4 GB,50 GB
The Crew Motorfest ,Intel Core i5-4460,NVIDIA GeForce GTX 1060,8 GB,40 GB
Stellaris,AMD FX-6350,NVIDIA GeForce GTX 460,4 GB,10 GB
The Outlast Trials,Intel Core i7-3770,AMD Radeon R7 360,8 GB,40 GB
Content Warning,Intel Core i5-3210M,NVIDIA GeForce GTX 1050 Ti  / Radeon R9 380,8 GB,4 GB
Sniper Elite 5,Intel Core i3-8100,AMD Radeon R5 M330,8 GB,85 GB
Middle-earth: Shadow of Mordor,Intel Core i5-750,Unknown,3 GB,44 GB
Dragon Age Inquisition,Intel Core 2 Quad Q6600,NVIDIA GeForce 8800 GT,4 GB,26 GB
Resident Evil 6 / Biohazard 6,Intel Pentium 4 4.00GHz,NVIDIA GeForce 256,2 GB,16 GB
PAYDAY 3,Intel Core i5-9400F,NVIDIA GeForce GTX 1650,16 GB,Unknown
F1 2020,Intel Core i3-2130,AMD Radeon HD 7750,8 GB,80 GB
Watch Dogs Legion,Intel Core i5-4460,NVIDIA GeForce GTX 970,8 GB,45 GB
Adobe Lightroom,Intel Core i3-2120,NVIDIA GeForce GTX 960,4 GB,2 GB
Mass Effect Legendary Edition,Intel Core i5-3570  / FX-8350,NVIDIA GeForce GTX 760  / Radeon HD 7970,8 GB,120 GB
GTA Trilogy,Intel Core i5-6600K,NVIDIA GeForce GTX 760,8 GB,45 GB
Age of Empires II: Definitive Edition,Intel Core 2 Duo Q6867,AMD Radeon HD 6850,4 GB,15 GB
Hunt Showdown,AMD Ryzen 5 2600,Unknown,8 GB,75 GB
FOR HONOR,Intel Core i3-550,NVIDIA GeForce GTX 750 Ti,4 GB,40 GB
Pathfinder: Wrath of the Righteous,Intel Core i3-2310M,NVIDIA GeForce 940M,6 GB,50 GB
Age of Mythology: Retold,Intel Core i3-4130  / FX-4350,NVIDIA GeForce GTX 645  / Radeon Vega 8,8 GB,25 GB
Foundation,Intel Core i5-4460,NVIDIA GeForce GTX 960,8 GB,Unknown
The Walking Dead: The Telltale Definitive Series,Intel Core 2 Duo Q6867,NVIDIA GeForce GTS 450,3 GB,45 GB
War Robots: Frontiers,Intel Core i5-3470,NVIDIA GeForce GTX 660,8 GB,10 GB
My Summer Car,Intel Core 2 Duo Q6867,Unknown,6 GB,1 GB
Forza Motorsport,Intel Core i5-8400,NVIDIA GeForce GTX 1070,16 GB,110 GB
Train Sim World® 5,Intel Core i5-4690,Unknown,8 GB,35 GB
Tiny Glade,Intel Core i5-760,AMD Radeon R9 270,4 GB,3 GB
Wolfenstein: The New Order,Intel Core i7-610,AMD Radeon HD 6850,4 GB,50 GB
Heavy Rain,Intel Core i5-4430,AMD Radeon HD 7870,4 GB,35 GB
Portal with RTX,Intel Core i7-6700  / Ryzen 5 3600,NVIDIA GeForce RTX 3060,16 GB,25 GB
Cricket 22,Intel Core i3-2340UE,Unknown,8 GB,45 GB
Nymphomaniac - Sex Addict,Intel Core i5-6500,NVIDIA GeForce GTX 1050,8 GB,17 GB
Diablo 3,AMD Athlon 64 X2 5600+,AMD Radeon X1950 Pro,1 GB,12 GB
Need for Speed: Most Wanted (2005),AMD Athlon XP 1700+,ATI Radeon 7500,1 GB,3 GB
Borderlands 2,Intel Core 2 Duo T7700,ATI Radeon HD 2600 PRO,2 GB,13 GB
theHunter: Call of the Wild,Intel Core i3-4170,NVIDIA GeForce GTX 660,4 GB,60 GB
GUILTY GEAR -STRIVE-,Intel Core i5-3450,AMD Radeon HD 6870,4 GB,26 GB
Combat Master,Intel Core 2 Duo E6600,ATI FireMV 2400 PCIe,4 GB,1 GB
Farlight 84,Intel Core i3-6300,AMD Radeon HD 7730,6 GB,10 GB
DCS World Steam Edition,Intel Core i5-1300F,Unknown,16 GB,200 GB
Le Mans Ultimate,Intel Core i5-4460,Unknown,8 GB,30 GB
DRAGON BALL XENOVERSE 2,Intel Core i5-3570,Unknown,4 GB,Unknown
Call of Duty: World at War,Intel Core 2 Duo E8400,AMD Radeon X1600,1 GB,8 GB
Assassin's Creed 2,Intel Core 2 Duo Q6867,ATI FireMV 2400 PCIe,4 GB,8 GB
PC Building Simulator,Intel Core i5-2500K,NVIDIA GeForce GTX 660,4 GB,30 GB
Fallout 3,Intel Pentium 4 2.40GHz,NVIDIA GeForce 6800,1 GB,7 GB
RENNSPORT,Intel Core i7-6700K,NVIDIA GeForce RTX 2070,16 GB,100 GB
IGI : Origins,Intel Core i5-12400T,Unknown,4 GB,Unknown
Born in Blood,Intel Core i5-3470,NVIDIA GeForce GTX 970,8 GB,18 GB
Wicked Island,Intel Core i5-12400T,NVIDIA GeForce RTX 3050,8 GB,15 GB
SILENT HILL f,Intel Core i5-8400  / Ryzen 5 2600,NVIDIA GeForce GTX 1070 Ti  / Radeon RX 5700,16 GB,50 GB
Balatro,Intel Core i3-2340UE,ATI FireMV 2200 PCIe,1 GB,150 MB
Garry's Mod,Intel Core 2 Duo E8400,Intel HD 3000,4 GB,5 GB
ULTRAKILL,Intel Core 2 Duo Q6867,NVIDIA GeForce GTX 560,4 GB,3 GB
Coral Island,Intel Core i3-2340UE,NVIDIA GeForce GTX 660,6 GB,8 GB
Cuphead,Intel Core 2 Duo E8400,Unknown,3 GB,4 GB
Batman: Arkham Asylum,Intel Core 2 Duo E6850,NVIDIA GeForce 6600,1 GB,8 GB
The Crew 2,Intel Core i5-2400S  / Core i5-2400,AMD Radeon HD 7870  / GeForce GTX 660,8 GB,57 GB
Sniper Elite 4,Intel Core i3-2100,NVIDIA GeForce GTX 660,4 GB,40 GB
Fear & Hunger,Intel Core 2 Duo Q6867,AMD Radeon HD 6250,2 GB,1 GB
The Witcher 2: Assassins of Kings Enhanced Edition,Intel Core 2 Duo Q6867,ATI Radeon HD 3850,4 GB,25 GB
Pacify,Intel Core i5-12400T,ATI FireGL V7350,4 GB,5 GB
Call of Duty Modern Warfare Remastered,Intel Core i3-3225,AMD Radeon HD 7850,8 GB,39 GB
WWE 2K19,Intel Core i5-3550,AMD Radeon HD 7850,4 GB,50 GB
Riders Republic,Intel Core i5-4460,NVIDIA GeForce GTX 970,8 GB,20 GB
VRChat,AMD FX-8350,NVIDIA GeForce GTX 970,4 GB,1 GB
Victoria 3,Intel Core i3-3250,AMD Radeon R7 370,8 GB,10 GB
Sky: Children of the Light,Intel Core i5-6400,AMD Radeon RX 560,8 GB,3 GB
SnowRunner,Intel Core i3-4130,AMD Radeon R9 270,8 GB,50 GB
EA SPORTS™ Madden NFL 25,Intel Core i7-6700K,Unknown,10 GB,65 GB
Medieval Dynasty,Intel Core 2 Quad Q9705,AMD Radeon RX 480,8 GB,10 GB
DEATH STRANDING: Director's Cut,Intel Core i5-3470,AMD Radeon RX 560,8 GB,80 GB
Portal 2,Intel Core 2 Duo E8400,Intel HD 2000,2 GB,8 GB
Car Mechanic Simulator 2021,Intel Core i5-4690,NVIDIA GeForce GTX 760,8 GB,35 GB
Devil May Cry 4 Special Edition,Intel Core 2 Duo Q6867,ATI Radeon HD 3850,2 GB,27 GB
A Game About Digging A Hole,Intel Core i5-12400T,NVIDIA GeForce GTX 770,8 GB,Unknown
Streamer Life Simulator 2,Intel Core i5-4430,Unknown,8 GB,10 GB
NARUTO SHIPPUDEN: Ultimate Ninja STORM 4,AMD Athlon 64 X2 6400+,NVIDIA GeForce 8500 GT,2 GB,40 GB
Call of Duty 4: Modern Warfare,Intel Core 2 Duo E8400,NVIDIA GeForce 6600,512 MB,8 GB
Just Cause 4,Intel Core i5-2400,AMD Radeon R9 270,8 GB,59 GB
L.A. Noire,Intel Core 2 Duo E8400,NVIDIA GeForce 510,4 GB,Unknown
Car For Sale Simulator 2023,Intel Core i5-2500,NVIDIA GeForce GTX 670,6 GB,5 GB
WWE 2K22,Intel Core i5-3550,NVIDIA GeForce GTX 1060,8 GB,60 GB
Five Hearts Under One Roof,Intel Core i3-2340UE,Unknown,4 GB,15 GB
Titan Quest II,Intel Core i5-12400T,Unknown,16 GB,50 GB
Repo Man,Intel Core i3-550,NVIDIA GeForce GTX 1080,8 GB,40 GB
SCAN,Intel Core i5-4430,Unknown,8 GB,5 GB
Kamla - An Indian Horror Experience,Intel Core i3-2340UE,NVIDIA GeForce GT 730,4 GB,4 GB
RimWorld,Intel Core 2 Duo E8400,Intel HD 3000,4 GB,1 GB
Elite Dangerous,Intel Celeron J1900,NVIDIA GeForce GTX 470,6 GB,25 GB
Tom Clancy's The Division 2,Intel Core i5-2500K,NVIDIA GeForce GTX 670,2 GB,40 GB
Age of Wonders 4,Intel Core i7-2700K,AMD Radeon HD 7870,8 GB,20 GB
Supermarket Together,Intel Core i5-12400T,NVIDIA GeForce GTX 960,4 GB,5 GB
Divinity: Original Sin 2 - Definitive Edition,Intel Core i5-2400,NVIDIA GeForce GTX 550 Ti,4 GB,60 GB
Company of Heroes 3,Intel Core i5-650  / Ryzen 5 1400,AMD Radeon R9 370  / GeForce GTX 950,8 GB,40 GB
ASKA,Intel Core i5-6600,Unknown,16 GB,6 GB
The Sims 3,Intel Pentium 4 2.00GHz,AMD Radeon 9200 SE,1 GB,5 GB
Motor Town: Behind The Wheel,Intel Core i5-4460,AMD Radeon RX 460,4 GB,5 GB
Plants vs. Zombies™ Garden Warfare 2: Deluxe Edition,Intel Core i5-650,AMD Radeon HD 7730,4 GB,40 GB
Liar's Bar,Intel Core i5-4670,Unknown,4 GB,4 GB
Horizon Zero Dawn Remastered,Intel Core i3-8100  / Ryzen 3 1300X,NVIDIA GeForce GTX 1060 6GB  / Radeon RX 5500 XT,16 GB,135 GB
Assassin's Creed Brotherhood,Intel Core 2 Duo Q6867,ATI FireMV 2400 PCIe,4 GB,8 GB
Sonic Frontiers,Intel Core i5-3470,Unknown,8 GB,30 GB
High On Life,Intel Core i5-650,NVIDIA GeForce GTX 1060,8 GB,50 GB
Six Days in Fallujah,AMD Ryzen 5 2600,Unknown,12 GB,22 GB
Outlast 2,Intel Core i3-530,ATI Radeon HD 4870,4 GB,30 GB
Life is Strange: Double Exposure,Intel Core i5-2400  / FX-6300,NVIDIA GeForce GTX 960  / Radeon RX 470,12 GB,25 GB
MindsEye,Intel Core i5-12400F  / Ryzen 5 5600X,NVIDIA GeForce RTX 2060  / Radeon RX 5600 XT,16 GB,70 GB
Team Fortress 2,Intel Pentium 4 1.70GHz,AMD Radeon X1600,512 MB,15 GB
Unturned,Intel Core 2 Duo E8400,Intel HD 3000,4 GB,4 GB
Cult of the Lamb,Intel Core i3-3240,AMD Radeon HD 7750,4 GB,4 GB
EVE Online,Intel Core 2 Duo T5750,NVIDIA GeForce 8600 GTS,2 GB,20 GB
Gates of Hell,Intel Core 2 Duo E8400,NVIDIA GeForce GTX 1070,16 GB,75 GB
House Flipper 2,Intel Core i5-8400  / Ryzen 5 1600,NVIDIA GeForce GTX 970  / Radeon RX 580,8 GB,20 GB
Green Hell,Intel Core 2 Duo E8700,AMD Radeon RX 460,4 GB,8 GB
GIRLS' FRONTLINE 2: EXILIUM,Intel Core i5-12400T,AMD Radeon HD 7790,8 GB,35 GB
resident evil 4 / biohazard 4,Intel Core 2 Duo E4600,ATI Radeon HD 4850,2 GB,15 GB
Aloft,Intel Core i5-8600K,Unknown,16 GB,12 GB
DRAGON BALL FighterZ,Intel Core i5-3470,AMD Radeon HD 6870,4 GB,6 GB
X-Plane 12,Intel Core i5-12400T,Unknown,8 GB,23 GB
That's not my Neighbor,Intel Core i5-1300F,Unknown,2 GB,500 MB
Marvel's Guardians of the Galaxy,Intel Core i5-4460  / Ryzen 5 1400,NVIDIA GeForce GTX 1060  / Radeon RX 570,8 GB,80 GB
コイカツ！ / Koikatsu Party,Intel Core i3-2340UE,NVIDIA GeForce 8500 GT,4 GB,20 GB
Hello Neighbor,Intel Core i5-12400T,NVIDIA GeForce GTX 770,6 GB,5 GB
WWE 2K23,Intel Core i5-3550,AMD Radeon RX 480,8 GB,80 GB
Marvels Avengers,Intel Core i3-4160,NVIDIA GeForce GTX 950,8 GB,75 GB
Senua’s Saga: Hellblade II,Intel Core i5-8400  / Ryzen 5 2600,NVIDIA GeForce GTX 1070  / Arc A580 / Radeon RX 5700,16 GB,70 GB
Starcraft 2,Intel Core 2 Duo U7600,AMD Radeon HD 2600 XT,2 GB,30 GB
Star Wars: The Old Republic,AMD Athlon 64 X2 4000+,NVIDIA GeForce GT 610,2 GB,50 GB
World of Warcraft: Classic,Intel Core 2 Duo E6600,AMD Radeon HD 4850 X2,2 GB,5 GB
Need for Speed Hot Pursuit Remastered,Intel Core i3-2120,NVIDIA GeForce GTS 450,8 GB,45 GB
Supermarket Simulator,Intel Core i5-3550  / Ryzen 5 2500X,NVIDIA GeForce GTX 1050  / Radeon R9 270X,4 GB,5 GB
World of Warships,AMD Athlon II X2 215,AMD Radeon HD 4650,2 GB,35 GB
Mini Royale,Intel Core i5-1300F,NVIDIA GeForce GTX 760,8 GB,20 GB
House Flipper,AMD Phenom II X4 955,NVIDIA GeForce GTX 560,4 GB,6 GB
Crime Scene Cleaner,Intel Core i5-7500,NVIDIA GeForce GTX 1060,16 GB,35 GB
Dredge,Intel Core i3-2100,AMD Radeon HD 6570,4 GB,2 GB
Backrooms: Escape Together,Intel Core i5-4430,NVIDIA GeForce GTX 960,4 GB,15 GB
Black Mesa,Intel Core 2 Duo Q6867,AMD Radeon HD 5450,6 GB,20 GB
Dishonored Definitive Edition,Intel Core 2 Duo Q6867,ATI Radeon HD 5850,3 GB,9 GB
WRC,Intel Core i5-9600K,AMD Radeon RX Vega 56,8 GB,110 GB
SCP: Pandemic,Intel Core i5-1300F,AMD Radeon R5 M230,12 GB,30 GB
Suicide Squad: Kill the Justice League,Intel Core i5-8400,NVIDIA GeForce GTX 1070,16 GB,65 GB
The Walking Dead,Intel Pentium 4 2.00GHz,NVIDIA GeForce 7200 GS,3 GB,2 GB
Vampyr,Intel Core i3-2130,AMD Radeon R7 370,8 GB,20 GB
"Warhammer 40,000: Space Marine",Intel Core 2 Duo E8400,NVIDIA GeForce 8800 GT,1 GB,20 GB
Bus Simulator 21,Intel Core i3-2120,Unknown,8 GB,18 GB
Welcome to the Game,Intel Pentium 4 4.00GHz,ATI FireGL V7350,2 GB,3 GB
Manual,Intel Core i5-1300F,NVIDIA GeForce 9800 GT,4 GB,Unknown
Game Pass,Intel Core i5-8300H,NVIDIA GeForce GTX 1050,8 GB,150 GB
Brawlhalla,Intel Core 2 Duo E8400,Intel HD 3000,1 GB,350 MB
Total War: ROME II - Emperor Edition,Intel Core 2 Duo T5750,NVIDIA GeForce 7200 GS,2 GB,35 GB
Kenshi,Intel Core 2 Duo U7600,NVIDIA GeForce 510,6 GB,14 GB
HASTE: Broken Worlds,Intel Core i5-2400,Unknown,8 GB,4 GB
Last Epoch,Intel Core i5-2500  / FX-4350,NVIDIA GeForce GTX 1060  / Radeon RX 580,8 GB,22 GB
TCG Card Shop Simulator,Intel Core i5-3550,NVIDIA GeForce GTX 1050,8 GB,5 GB
Icarus,Intel Core i5-8400,NVIDIA GeForce GTX 1060,16 GB,70 GB
Fishing Planet,Intel Core 2 Duo Q6867,Intel HD 4600,4 GB,12 GB
Assetto Corsa Competizione,Intel Core i5-4460,AMD Radeon RX 460,4 GB,50 GB
Frostpunk,Intel Core 2 Duo E8700,AMD Radeon R7 370,4 GB,8 GB
Total War: WARHAMMER II,Intel Core 2 Duo E8400,ATI Radeon HD 5770,5 GB,60 GB
Gorilla Tag,Intel Core i5-4590,Unknown,4 GB,140 MB
Pacific Drive,Intel Core i5-8600,NVIDIA GeForce GTX 1060,16 GB,18 GB
Farming Simulator 19,Intel Core i3-2100T,AMD Radeon HD 7770,4 GB,20 GB
One-armed robber,Intel Core i5-4590,NVIDIA GeForce GTX 760,4 GB,1 GB
Suikoden I&II HD Remaster Gate Rune and Dunan Unification Wars,Intel Core i5-4440,NVIDIA GeForce GTX 1050,8 GB,16 GB
Sleeping Dogs: Definitive Edition,Intel Core 2 Duo E4600,NVIDIA GeForce 8800 GT,4 GB,20 GB
FINAL FANTASY XIII,Intel Core 2 Duo Q6867,ATI FireMV 2400 PCIe,1 GB,60 GB
Contraband Police,Intel Core i5-6600,Unknown,12 GB,12 GB
Jurassic World Evolution,Intel Core i5-2300,NVIDIA GeForce GTX 1050,8 GB,8 GB
Ancestors: The Humankind Odyssey,Intel Core i5-2500K,NVIDIA GeForce GTX 760,8 GB,Unknown
Ryse: Son of Rome,Intel Core i5 750S,AMD Radeon HD 5450,4 GB,26 GB
Lost Records: Bloom & Rage,Intel Core i7-2700K,Unknown,8 GB,48 GB
The Evil Within 2,Intel Core i5-2400,NVIDIA GeForce GTX 660,8 GB,40 GB
F1® 2019,Intel Core i3-2130,NVIDIA GeForce GTX 750,8 GB,80 GB
Demon Slayer -Kimetsu no Yaiba- The Hinokami Chronicles,Intel Core i5-2400,Unknown,6 GB,25 GB
Prototype 2,Intel Core 2 Duo Q6867,ATI Radeon HD 4850,2 GB,10 GB
Minecraft Legends,Intel Core i5-650,Intel HD 520,8 GB,24 GB
Dragon Age: Origins,Intel Pentium 4 1.60GHz,AMD Radeon X1550,1 GB,20 GB
DragonNest,Intel Core i3-530,Unknown,8 GB,15 GB
Stream Games,Intel Core 2 Duo Q6867,Unknown,512 MB,30 MB
Football Life Simulator,Intel Core i5-7500,Unknown,8 GB,5 GB
The Crew,Intel Core 2 Quad Q9300,ATI Radeon HD 5870,4 GB,30 GB
Metalstorm,Intel Pentium G4560,Intel HD 4000,6 GB,3 GB
Chivalry 2,Intel Core i3-4370,NVIDIA GeForce GTX 660,8 GB,35 GB
Wild Life,AMD Ryzen 5 2600,NVIDIA GeForce GTX 1060,8 GB,25 GB
Minecraft Dungeons,Intel Core i5-2500K,NVIDIA GeForce GTX 660,8 GB,3 GB
Star Trek Fleet Command,Intel Core i3-3217U,NVIDIA GeForce GTX 485M,2 GB,1 GB
Clash of Clans,Intel Core i7-2600,Intel UHD 630,8 GB,10 GB
Xenia,Intel Pentium 4 2.00GHz,Unknown,256 MB,310 MB
Crimson Desert,Intel Core i7-6700K,AMD Radeon RX 590,8 GB,45 GB
Europa Universalis IV,Intel Pentium 4 2.40GHz,ATI Radeon X1900,2 GB,2 GB
Albion Online,Intel Pentium 4 2.00GHz,NVIDIA GeForce 7100 / nForce 630i,4 GB,2 GB
Deadside,Intel Core 2 Duo E8400,NVIDIA GeForce GT 1030,4 GB,25 GB
Dave the Diver,Intel Core i3-2120,NVIDIA GeForce GTS 450  / Radeon HD 5570,8 GB,10 GB
Totally Accurate Battle Simulator,Intel Core i5-2400,NVIDIA GeForce GTX 670,8 GB,3 GB
Total War: ROME REMASTERED,Intel Core i3-2340UE,Unknown,6 GB,45 GB
Lost Light,Intel Core i3-530,AMD Radeon Pro 450,4 GB,10 GB
Nine Sols,Intel Core i5-4460,Unknown,8 GB,15 GB
Far Cry New Dawn,Intel Core i5-2400,AMD Radeon R9 270X,8 GB,30 GB
The Quarry,Intel Core i5-3570  / FX-8350,NVIDIA GeForce GTX 780  / Radeon RX 470,8 GB,50 GB
The Roottrees are Dead,Intel Core 2 Duo Q6867,Intel HD 510,8 GB,1 GB
Keep Driving,Intel Core i3-3220,Intel Media Accelerator 600,8 GB,3 GB
Call of Duty Modern Warfare 3,Intel Core 2 Duo E6600,NVIDIA GeForce 8600 GT,2 GB,16 GB
Ratchet & Clank: Rift Apart,Intel Core i3-8100,NVIDIA GeForce GTX 960,8 GB,Unknown
Returnal,Intel Core i5-6400  / Ryzen 5 1500X,NVIDIA GeForce GTX 1060  / Radeon RX 580,16 GB,60 GB
NARUTO X BORUTO Ultimate Ninja STORM CONNECTIONS,Intel Core i7-8700,AMD Radeon R9 270X,8 GB,36 GB
The Dark World : KARMA,Intel Core i3-3220,NVIDIA GeForce GTX 1060,8 GB,40 GB
Zompiercer,Intel Core 2 Duo Q6867,AMD Radeon R5 M230,8 GB,23 GB
F1 2018,Intel Core i3-2130,AMD Radeon HD 7750,8 GB,50 GB
ORDER 13,Intel Core i5-7400,Unknown,8 GB,5 GB
A Quiet Place: The Road Ahead,AMD Ryzen 5 3600X,NVIDIA GeForce GTX 1080,16 GB,50 GB
Virt-A-Mate + vamX,Intel Core i5-4590,AMD Radeon RX 480,16 GB,30 GB
Crysis,Intel Pentium 4 2.80GHz,NVIDIA GeForce 6200,4 GB,12 GB
Only Up!,Intel Core i5-6600,NVIDIA GeForce GTX 1650,8 GB,6 GB
Crysis 3,Intel Core 2 Duo E4600,ATI Radeon HD 5770,3 GB,17 GB
The Emulator,Intel Core i5-12400T,Unknown,4 GB,300 MB
Lost Ark,Intel Core i3-2340UE,AMD Radeon HD 6850,8 GB,50 GB
Core Keeper,Intel Core i5-2300,ATI Radeon HD 5850,8 GB,Unknown
X4: Foundations,Intel Core i5-4590,Unknown,8 GB,35 GB
Rain World,Intel Core i3-2340UE,Intel Media Accelerator 600,4 GB,4 GB
Nordhold,Intel Core i5-1300F,AMD Radeon HD 5450,4 GB,4 GB
NBA 2K24,Intel Core i3-2100,AMD Radeon HD 7770,6 GB,150 GB
Dead Cells,Intel Core i5-12400T,ATI Radeon HD 5750,2 GB,500 MB
Party Animals,Intel Core i3-560,ATI Radeon HD 5870,4 GB,10 GB
BioShock Remastered,Intel Core 2 Duo Q6867,AMD Radeon HD 7770,4 GB,25 GB
Blade and Sorcery,Intel Core i5-1300F,NVIDIA GeForce GTX 1070,8 GB,Unknown
F1® 23,Intel Core i5-9600K,NVIDIA GeForce GTX 1050 Ti,8 GB,80 GB
Universe Sandbox ²,Intel Core 2 Duo Q6867,AMD Radeon R5 M230,4 GB,4 GB
The Long Drive,Intel Core 2 Duo Q6867,Unknown,4 GB,700 MB
Dragon's Dogma: Dark Arisen,Intel Core i5-660,ATI Radeon HD 5870,4 GB,20 GB
Granblue Fantasy: Relink,Intel Core i3-9100  / Ryzen 3 3200G,NVIDIA GeForce GTX 1060  / Radeon RX 580,16 GB,90 GB
Mafia II: Definitive Edition,Intel Core i5-2500K,NVIDIA GeForce GTX 660,6 GB,50 GB
Uncrashed : FPV Drone Simulator,Intel Core i5-1300F,NVIDIA GeForce GTX 770,4 GB,30 GB
Trepang2,Intel Core i5-2550K,NVIDIA GeForce GTX 760,8 GB,35 GB
The Lords of the Fallen,Intel Core i5-8400  / Ryzen 5 2600,NVIDIA GeForce GTX 1060  / Radeon RX 590,8 GB,45 GB
The Outer Worlds,Intel Core i3-3225,NVIDIA GeForce GTX 650 Ti,4 GB,40 GB
Injustice 2,Intel Core i5-750,Unknown,4 GB,52 GB
BONELAB,Intel Core i5-7600,NVIDIA GeForce GTX 1070,8 GB,20 GB
PANICORE,Intel Core i5-7500,Unknown,8 GB,13 GB
INSIDE,Intel Core 2 Quad Q6600,AMD Radeon HD 6570,4 GB,3 GB
Sniper Elite 3,AMD Athlon 64 X2 4200+,ATI Radeon HD 3870,2 GB,18 GB
Just Cause 2,Intel Core 2 Duo E8400,ATI Radeon HD 2600 PRO,2 GB,10 GB
MotoGP™24,Intel Core i5-4590,NVIDIA GeForce GTX 960,8 GB,24 GB
NBA 2K21,Intel Core i3-2100,AMD Radeon HD 7770,4 GB,110 GB
Wo Long: Fallen Dynasty,Intel Core i5-8400,AMD Radeon RX 570,8 GB,60 GB
Wild Hearts,Intel Core i5-8400  / Ryzen 5 2600,NVIDIA GeForce GTX 1060  / Radeon Pro 5500 XT,12 GB,80 GB
Choo-Choo Charles,Intel Core i5-1300F,Unknown,4 GB,3 GB
Eternal Strands,Intel Core i5-9400,Unknown,8 GB,24 GB
Forspoken,Intel Core i7-3770  / Ryzen 5 1600,NVIDIA GeForce GTX 1060  / Radeon RX 5500,16 GB,150 GB
Granny Remake,Intel 1400,NVIDIA GeForce GTX 1050 Ti,4 GB,4 GB
Brothers: A Tale of Two Sons Remake,Intel Core i7-6700,NVIDIA GeForce GTX 1650,8 GB,35 GB
The Lord of the Rings: Return to Moria,Intel Core i5-6600K,NVIDIA GeForce GTX 1060,8 GB,20 GB
Unrecord,Intel Core 2 Duo E8400,NVIDIA GeForce 510,4 GB,Unknown
Where Winds Meet,Intel Core i7-9700  / Ryzen 5 3600X,NVIDIA GeForce GTX 1060  / Radeon RX 480,16 GB,100 GB
Crossfire,Intel Pentium E2180,NVIDIA GeForce 7600 GT,1 GB,40 MB
Football Manager 25,Intel Core i3-530,NVIDIA GeForce GTX 960,4 GB,20 GB
Call of Duty: Vanguard,Intel Core i3-4340,AMD Radeon RX 470,8 GB,61 GB
Factorio,Intel Core 2 Quad Q9650,NVIDIA GeForce GTX 750 Ti,8 GB,5 GB
"Warhammer 40,000: Rogue Trader",Intel Core i5-4590T,AMD Radeon Vega 6,8 GB,100 GB
Total War: THREE KINGDOMS,Intel Core 2 Duo E6850,NVIDIA GeForce GTX 650 Ti,4 GB,60 GB
Undertale,Intel Core 2 Duo E8400,Unknown,2 GB,200 MB
Paladins,Intel Core 2 Duo E4600,NVIDIA GeForce 8800 GT,4 GB,30 GB
Tropico 6,AMD A10-7850K,AMD Radeon HD 7870,8 GB,16 GB
Subnautica: Below Zero,Intel Core i3-2120T,Intel HD 530,8 GB,15 GB
Blasphemous,Intel Core 2 Duo E8400,ATI Radeon HD 4850,4 GB,4 GB
Marvel's Midnight Suns,Intel Core i5-4430,NVIDIA GeForce GTX 960,8 GB,60 GB
DiRT Rally 2.0,Intel Core i3-2130,Unknown,8 GB,100 GB
Slime Rancher 2,Intel Core i5-2500K,Unknown,8 GB,8 GB
Like a Dragon: Pirate Yakuza in Hawaii,Intel Core i5-3470,NVIDIA GeForce GTX 1650,8 GB,56 GB
TRIBE NINE,Intel Core i7-6700,AMD Radeon RX 580,8 GB,20 GB
Sledders,Intel Core i5-1300F,NVIDIA GeForce 510,8 GB,10 GB
Goat Simulator 3,Intel Core i5-4690K,NVIDIA GeForce GTX 1050 Ti,8 GB,12 GB
LEGO Marvel Super Heroes,Intel Core 2 Duo E8400,AMD Radeon X1950 Pro,2 GB,7 GB
Assassin's Creed 3 Remastered,Intel Core i5-2400,AMD Radeon R9 270X,8 GB,45 GB
Total War: WARHAMMER,Intel Core 2 Duo Q6867,Unknown,3 GB,35 GB
CODE VEIN,Intel Core i5-2300,AMD Radeon HD 7850,6 GB,35 GB
Gears 5,Intel Core i3-2340UE,AMD Radeon R9 280,8 GB,80 GB
Life is Strange - Episode 1,Intel Core 2 Duo Q6867,NVIDIA GeForce 7200 GS,2 GB,5 GB
Car Mechanic Simulator 2018,Intel Core i3-4150T,NVIDIA GeForce GTX 660,4 GB,20 GB
Prehistoric Kingdom,Intel Core i5-2300,Unknown,8 GB,10 GB
Carry The Glass,Intel Core i5-750,Unknown,8 GB,650 MB
Bayonetta,Intel Core i3-3220,AMD Radeon HD 6950,4 GB,20 GB
Call of Duty Infinite Warfare,Intel Core i3-3225,AMD Radeon HD 7850,8 GB,70 GB
A Plague Tale: Requiem,Intel Core i5-4690K,AMD Radeon RX 590,16 GB,55 GB
Far Cry 2: Fortune's Edition,AMD Athlon 64 3500+,NVIDIA GeForce 6800,1 GB,5 GB
Crash Bandicoot™ 4: It’s About Time,Intel Core i3-4340,NVIDIA GeForce GTX 660,8 GB,30 GB
Carnal Instinct,Intel Core i5-6600,Unknown,16 GB,10 GB
Evil West,Intel Core i5-2500K  / FX-6300,NVIDIA GeForce GTX 750 Ti  / Radeon RX 460,8 GB,40 GB
Need For Speed: Hot Pursuit,Intel Core 2 Duo T7250,NVIDIA GeForce 6200,1 GB,8 GB
Myrmidon,Intel Core i7-960,NVIDIA GeForce RTX 2080,8 GB,4 GB
Alternativa,Intel Pentium 4 2.00GHz,NVIDIA GeForce 7200 GS,2 GB,2 GB
Saints Row,Intel Core i3-3240  / Ryzen 3 1200,NVIDIA GeForce GTX 970,8 GB,50 GB
Killing Floor 3,Intel Core i7-4790  / Ryzen 5 2600,NVIDIA GeForce GTX 1060  / Radeon RX 480,16 GB,20 GB
METAL GEAR SOLID Δ: SNAKE EATER,Intel Core i7-6700K,NVIDIA GeForce GTX 1070,16 GB,40 GB
Tempest Rising,Intel Core i5-7400  / Ryzen 5 1600,NVIDIA GeForce GTX 1060  / Radeon RX 580,8 GB,30 GB
Gothic 1 Remake,Intel Core i5-12400T,Unknown,8 GB,30 GB
Heroes of Might & Magic: Olden Era,Intel Core i5-12400T,NVIDIA GeForce 510,4 GB,Unknown
Safe,Intel Core i5-12400T,ATI FireGL V7350,4 GB,150 MB
Devil May Cry HD Collection,Intel Core 2 Duo E8400,AMD Radeon R7 260X,4 GB,12 GB
Fields of Mistria,Intel Core 2 Duo E6400,Unknown,6 GB,2 GB
Age of Empires III: Definitive Edition,Intel Core i3-2105,AMD Radeon HD 5570,8 GB,42 GB
Aim Lab,Intel Core 2 Duo E6600,NVIDIA GeForce GTX 560,4 GB,12 GB
Half-Life 2,Intel Pentium 4 2.00GHz,NVIDIA GeForce 6100,512 MB,6.35 GB
Foxhole,Intel Core 2 Duo Q6867,AMD Radeon HD 5450,4 GB,15 GB
Ravenswatch,Intel Core i5-4670K,Unknown,8 GB,3 GB
LOCKDOWN Protocol,Intel Core i3-4150,NVIDIA GeForce GTX 1050,2 GB,2 GB
Yakuza: Like a Dragon,Intel Core i5-3470,AMD Radeon HD 7870,8 GB,40 GB
Human: Fall Flat,Intel Core 2 Duo E6750,ATI Radeon HD 5770,1 GB,500 MB
Age of History 3,Intel Pentium 4 4.00GHz,Unknown,3 GB,1 GB
Mass Effect™: Andromeda Deluxe Edition,Intel Core i5-3570,NVIDIA GeForce GTX 660,8 GB,55 GB
Headliners,Intel Core i5-4440,Unknown,8 GB,9 GB
Wolfenstein II: The New Colossus,Intel Core i7-3770,Unknown,8 GB,55 GB
Software Inc.,Intel Core i5-1300F,NVIDIA GeForce 7200 GS,2 GB,1 GB
NBA 2K22,Intel Core i3-2100,AMD Radeon HD 7770,4 GB,110 GB
Gas Station Simulator,Intel Core i3-540,NVIDIA GeForce GTX 960,8 GB,10 GB
House Party,Intel Pentium G4500,AMD Radeon HD 5450,8 GB,8 GB
Assassin's Creed Rogue,Intel Core 2 Quad Q6600,AMD Radeon HD 5670,2 GB,12 GB
Five Nights at Freddy's: Security Breach,Intel Core i5-6600K,NVIDIA GeForce GTX 1050 Ti,8 GB,80 GB
Life is Strange 2,Intel Core i3-2100,Unknown,4 GB,40 GB
Wanderstop,Intel Core i5-750,Unknown,8 GB,15 GB
Grand Theft Auto: Vice City – The Definitive Edition,Intel Core i5-6600K,AMD Radeon R9 280,8 GB,10 GB
A Plague Tale: Innocence,Intel Core i3-2120,AMD Radeon HD 7870,8 GB,50 GB
Kaiserpunk,Intel Core i5-7400,Unknown,12 GB,20 GB
Drug Lord Tycoon,Intel Core i5-4590,NVIDIA GeForce GTX 760,4 GB,500 MB
POSTAL 4: No Regerts,Intel Core i5-1300F,AMD Radeon HD 5450,8 GB,25 GB
Ghostrunner,Intel Core i5-2500K,AMD Radeon RX 550,8 GB,22 GB
Spectre Divide,Intel Core i5-12400T,NVIDIA GeForce GTX 1080 Ti,8 GB,20 GB
Immortals of Aveum,Intel Core i7-9700,NVIDIA GeForce RTX 2080,4 GB,110 GB
WWE 2K20,Intel Core i5-3550,AMD Radeon HD 7850,4 GB,50 GB
World of Warcraft Dragonflight,Intel Core i7-4790K,NVIDIA GeForce GTX 970,8 GB,128 GB
Lost Soul Aside™,Intel Core i5-10400,Unknown,16 GB,80 GB
Deadzone: Rogue,Intel Core i5-4690,NVIDIA GeForce GTX 1060,8 GB,10 GB
That's not your Neighbor,Intel Core i5-1300F,ATI FireMV 2400 PCIe,2 GB,1 GB
Paralives,Intel Core i3-530,NVIDIA GeForce GTX 660,8 GB,20 GB
Anno 117: Pax Romana,Intel Core 2 Duo E8400,NVIDIA GeForce 510,4 GB,Unknown
F1 25,Intel Core i5-6400  / Ryzen 3 1200,NVIDIA GeForce GTX 1060  / Radeon RX 570,8 GB,100 GB
GTA 3,Intel Core i5-6600K,NVIDIA GeForce GTX 760,8 GB,45 GB
Counter-Strike: Source,Intel Core 2 Duo E8400,NVIDIA GeForce 510,4 GB,Unknown
Among Us,Intel Pentium 4 2.00GHz,NVIDIA GeForce 510,1 GB,250 MB
XCOM 2,Intel Core 2 Duo E4700,ATI Radeon HD 5770,4 GB,45 GB
Kerbal Space Program,Intel Core 2 Duo U7600,NVIDIA GeForce 8400 GS,4 GB,3 GB
PowerWash Simulator,Intel Core i5-760,Unknown,4 GB,6 GB
SCP: Secret Laboratory,Intel Core i3-530,NVIDIA GeForce GT 720,3 GB,4 GB
The Planet Crafter,Intel Core 2 Duo Q6867,AMD Radeon R5 M230,4 GB,4 GB
Total War: EMPIRE – Definitive Edition,Intel Pentium 4 2.40GHz,NVIDIA GeForce FX 5500,1 GB,15 GB
SUPERVIVE,Intel Core i5-4440,NVIDIA GeForce GTX 980 Ti,8 GB,5 GB
Transport Fever 2,Intel Core i5-2300,Unknown,8 GB,Unknown
Hello Kitty Island Adventure,Intel Core i5-12400T,Unknown,6 GB,5 GB
The Long Dark,Intel Core i5-4400E,Intel HD 4400,4 GB,7 GB
WARNO,Intel Core i3-2100,Unknown,4 GB,50 GB
Bellwright,Intel Core i5-8600,Unknown,16 GB,24 GB
Like a Dragon: Infinite Wealth,Intel Core i5-3470  / Ryzen 3 1200,NVIDIA GeForce GTX 960  / Radeon RX 460,8 GB,82 GB
Old World,Intel Core i5-4570,Unknown,8 GB,10 GB
HUMANKIND,AMD FX-8300,NVIDIA GeForce GTX 770,8 GB,25 GB
theHunter Classic,Intel Core 2 Duo Q6867,AMD Radeon HD 2400,2 GB,8 GB
DmC: Devil May Cry,Intel Core 2 Duo Q6867,ATI Radeon HD 3850,2 GB,9 GB
Tokyo Xtreme Racer,Intel Core i7-7700,Unknown,16 GB,12 GB
RaceRoom Racing Experience,Intel Core 2 Duo Q6867,NVIDIA GeForce 7200 GS,4 GB,70 GB
GROUND BRANCH,Intel Core i5-2500K,Unknown,8 GB,30 GB
Sengoku Dynasty,Intel Core i5-8400,Unknown,12 GB,15 GB
Prey,Intel Core i5-2400,NVIDIA GeForce GTX 660,8 GB,20 GB
Shadows of Doubt,AMD Ryzen 5 1600,NVIDIA GeForce GTX 1060,8 GB,4 GB
Construction Simulator,Intel Core i5-4460,Unknown,8 GB,10 GB
Storage Hunter,Intel Core i5-4590,Unknown,8 GB,8 GB
Call of Duty 2,Intel Core 2 Duo E8400,NVIDIA GeForce 510,4 GB,Unknown
LEGO Marvel Super Heroes 2,Intel Core i3-3240,ATI Radeon HD 5850,4 GB,16 GB
Party Club,Intel Core i3-2340UE,Unknown,4 GB,6 GB
Beyond: Two Souls,Intel Core i5-4430,AMD Radeon HD 7870,4 GB,49 GB
RIDE 5,Intel Core i3-10100,AMD Radeon RX 570,8 GB,50 GB
F1 2021,Intel Core i3-2130,AMD Radeon R9 280,8 GB,80 GB
"Gunner, HEAT, PC!",Intel Core 2 Duo E8400,Unknown,12 GB,11 GB
Thief Simulator 2,Intel Core i3-6100,NVIDIA GeForce GTX 960,8 GB,12 GB
Alan Wake,Intel Core 2 Duo Q6867,NVIDIA GeForce 205,2 GB,8 GB
Granny,Intel Core i5-750,ATI Radeon HD 5770,4 GB,1.37 GB
Ghostrunner 2,Intel Core i5-4590,AMD Radeon RX 480,8 GB,65 GB
NBA 2K17,Intel Core i3-530,AMD Radeon HD 6450,4 GB,70 GB
It Takes Two Friend's Pass,Intel Core i3-2100T,AMD Radeon R7 260X,8 GB,50 GB
STAR WARS Battlefront,Intel Core i3-6300T,AMD Radeon HD 7850,8 GB,40 GB
Sniper: Ghost Warrior 2,AMD Athlon 64 FX-51,NVIDIA GeForce 8800 GT,2 GB,9 GB
Fernbus Simulator,Intel Core i5-1300F,Unknown,6 GB,45 GB
Metro Awakening,Intel Core i7-9700K,NVIDIA GeForce RTX 2070,16 GB,60 GB
Syberia: The World Before,Intel Core i5-6600,Unknown,8 GB,22 GB
Shinkansen 0 | 新幹線 0号,Intel Core i5-12400T,Unknown,4 GB,10 GB
WWE 2K18,Intel Core i5-3550,AMD Radeon HD 7850,4 GB,50 GB
Diablo Immortal,AMD FX-8100,AMD Radeon HD 6850,4 GB,24 GB
Witchfire,Intel Core i5-6600K,NVIDIA GeForce GTX 1050 Ti,8 GB,55 GB
Stranger of Paradise: Final Fantasy Origin,Intel Core i7-6700,AMD Radeon RX 470,8 GB,80 GB
Arknights: Release,Intel Core 2 Duo E8400,NVIDIA GeForce 510,16 GB,6 GB
The Blood of Dawnwalker,Intel Core i9-9900K  / Ryzen 7 3700X,NVIDIA GeForce RTX 2070  / Radeon RX 5700 XT,16 GB,120 GB
Demon's Run,Intel Core 2 Quad Q9705,NVIDIA GeForce 7100 / nForce 630i,8 GB,5 GB
Call of Duty Modern Warfare 2 Remastered,AMD FX-6300,NVIDIA GeForce GTX 670,8 GB,80 GB
FANTASY LIFE i: The Girl Who Steals Time,Intel Core i3-3225,Unknown,8 GB,20 GB
Need For Speed: The Run,Intel Core 2 Duo E8400,NVIDIA GeForce 8800 GT,3 GB,18 GB
Anomaly,Intel Core i5-4400E,NVIDIA GeForce 256,4 GB,300 MB
Raven Quest,Intel Atom Z515,NVIDIA GeForce 510,256 MB,256 MB
Mobile Legends,Intel Core i7-2600K,Intel UHD 630,8 GB,10 GB
Geometry Dash,Intel Pentium 4 2.00GHz,NVIDIA GeForce 6200 LE,512 MB,100 MB
Disney Dreamlight Valley,Intel Core i3-540,AMD Radeon HD 6570,6 GB,10 GB
DARK SOULS II: Scholar of the First Sin,Intel Core i3-2100,NVIDIA GeForce GTX 465,4 GB,23 GB
Company of Heroes 2,Intel Core 2 Duo T5750,NVIDIA GeForce 8800 GT,2 GB,30 GB
Against the Storm,Intel Core i3-530,Unknown,4 GB,5 GB
Stormworks: Build and Rescue,Intel Core i5-4440,Unknown,4 GB,2 GB
Persona 4 Golden,Intel Core 2 Duo E8400,Unknown,2 GB,14 GB
Trailmakers,Intel Core i5-4440,NVIDIA GeForce GTX 660,8 GB,8 GB
Back 4 Blood,Intel Core i5-6600K,AMD Radeon RX 570,8 GB,40 GB
Planet Coaster,Intel Core i5-2300,NVIDIA GeForce GTX 560,8 GB,8 GB
Escape the Backrooms,Intel Core i3-2340UE,NVIDIA GeForce GTX 650,8 GB,10 GB
Resident Evil 5/ Biohazard 5,AMD Phenom II X4 900e,AMD Radeon HD 7770,4 GB,15 GB
Wobbly Life,Intel Core 2 Duo E8400,NVIDIA GeForce GTX 750,8 GB,Unknown
NBA 2K23,Intel Core i3-2100,AMD Radeon HD 7770,4 GB,110 GB
The Sims 2 Legacy Collection,Intel Core i3-3220,Intel HD Graphics 620,4 GB,17 GB
Tainted Grail: The Fall of Avalon,Intel Core i7-8700,NVIDIA GeForce GTX 1060,12 GB,31 GB
Portal,Intel Core 2 Duo E8400,NVIDIA GeForce 510,4 GB,Unknown
Dishonored 2,Intel Core i5-2400,Unknown,8 GB,60 GB
Yakuza Kiwami,Intel Core i5-3470,Unknown,4 GB,Unknown
The Watchers: DEVOUR,Intel Core i5-12400T,Unknown,8 GB,10 GB
Out of Ore,Intel Core i5-14400,Unknown,8 GB,17 GB
Drug Dealer Simulator,Intel Core i5-2500,Unknown,8 GB,15 GB
Cataclismo,Intel Core i7-4770,Unknown,8 GB,10 GB
Gotham Knights,Intel Core i5-9600K,NVIDIA GeForce GTX 1660 Ti,8 GB,45 GB
Dead Island Definitive Edition,Intel Core i5-2500,AMD Radeon HD 6870,4 GB,10 GB
Operation: Harsh Doorstop,Intel Core i3-6100,NVIDIA GeForce GTX 760,8 GB,40 GB
SpaceEngine,Intel Core i3-3220T,AMD Radeon RX 460,6 GB,4 GB
Deus Ex: Mankind Divided,Intel Core i3-2100,NVIDIA GeForce GTX 660,8 GB,45 GB
Until Then,Intel Core i5-4460,AMD Radeon R7 260,4 GB,3 GB
POLYGON,Intel Core i3-530,Unknown,4 GB,2 GB
Saints Row 4,Intel Core 2 Quad Q6600,NVIDIA GeForce GTX 260,4 GB,10 GB
TrackDayR,Intel Core i5-4460,NVIDIA GeForce GTX 770,8 GB,70 GB
Little Nightmares II,Intel Core i5-2300,AMD Radeon HD 7850,4 GB,5 GB
STORROR Parkour Pro,Intel Core i5-4460,NVIDIA GeForce GTX 1060,16 GB,26 GB
Honkai Impact 3rd,Intel Core i3-6100,NVIDIA GeForce GTX 660,8 GB,15 GB
Firewatch,Intel Core i3-330E,AMD Radeon Pro 450,6 GB,4 GB
WRC 7 FIA World Rally Championship,Intel Core i3-540,Unknown,4 GB,19 GB
Terminator: Resistance,Intel Core i3-4160,Unknown,8 GB,32 GB
Hellblade: Senua's Sacrifice,Intel Core i5-3570K,AMD Radeon R9 280X,8 GB,30 GB
The Callisto Protocol,Intel Core i5-8400  / Ryzen 5 2600,AMD Radeon RX 580  / GeForce GTX 1060,8 GB,75 GB
Bramble: The Mountain King,Intel Core i5-2300,AMD Radeon HD 7850,4 GB,8 GB
Slaves of Rome,Intel Core i5-8600K,Unknown,12 GB,10 GB
Quantum Break,Intel Core i5-4460,AMD Radeon R7 260X,8 GB,68 GB
NBA 2K16,Intel Core 2 Duo U7600,AMD Radeon HD 3450,4 GB,50 GB
The Classrooms,Intel Core i5-1300F,Unknown,8 GB,12 GB
The Invincible,Intel Core i5-10400F,Unknown,8 GB,40 GB
Battlefield: Bad Company 2,Intel Core 2 Duo Q6867,ATI Radeon X1900,2 GB,15 GB
F1 2015,Intel Core 2 Quad Q9705,ATI Radeon HD 5770,4 GB,20 GB
Nordhold: Origins,Intel Core i5-1300F,AMD Radeon HD 5450,4 GB,4 GB
Ashes Cricket,Intel Core i3-3210,AMD Radeon HD 6670,4 GB,12 GB
HoneyCome come come party,Intel Core i5-12400T,Unknown,8 GB,20 GB
WWE 2K17,Intel Core i5-3550,AMD Radeon HD 7770,4 GB,50 GB
UNDEFINED,Intel Core 2 Duo E6320,NVIDIA GeForce 7600 GS,4 GB,3 GB
Modern Warships,Intel Core i5-1300F,Unknown,4 GB,7 GB
Cairn,Intel Core i7-6700,AMD Radeon RX 570,8 GB,10 GB
Oculus Quest 2,Intel Core i5-4590,NVIDIA GeForce GTX 970,8 GB,10 GB
Acts of Blood,Intel Core i5-12400T,NVIDIA GeForce GTX 1050 Ti,8 GB,7 GB
Car Dealer Simulator,Intel Core i3-540,AMD Radeon RX 570,8 GB,16 GB
Madoka Magica Magia Exedra,Intel Core i3-2340UE,NVIDIA GeForce GTX 970,8 GB,30 GB
GameLooper,Intel Pentium 4 2.00GHz,NVIDIA GeForce 6100,2 GB,100 MB
Warborne Above Ashes,Intel Core i5-8600,Unknown,16 GB,10 GB
ShaderTool,Intel Core i3-530,AMD Radeon HD 6250,4 GB,50 MB
Warpath,Intel Core i5-12400T,Unknown,4 GB,3 GB
2XKO,Intel Core i7-4790,NVIDIA GeForce GTX 960,8 GB,20 GB
Crosswind,Intel Core i7-8700K,Unknown,16 GB,30 GB
PUBG Lite,Intel Core i3-530,Intel HD 4000,4 GB,4 GB
Sid Meier's Civilization V,Intel Core 2 Duo T7600,NVIDIA GeForce 7900 GS,2 GB,8 GB
Limbus Company,Intel Core i5-12400T,NVIDIA GeForce GT 1030,8 GB,10 GB
SCUM,Intel Core i5-4430,AMD Radeon R7 370,8 GB,20 GB
New World,Intel Core i5-2400,AMD Radeon R9 280,8 GB,50 GB
Space Engineers,Intel Core i5-2320,NVIDIA GeForce GTX 750,8 GB,25 GB
Stumble Guys,Intel Core 2 Duo E8400,Unknown,4 GB,512 MB
Abiotic Factor,Intel Core i5-12400T,NVIDIA GeForce GTX 950,8 GB,10 GB
Enter the Gungeon,Intel Core 2 Duo E6320,NVIDIA GeForce 7600 GS,2 GB,2 GB
Trackmania,Intel Core i5-2500K,Unknown,4 GB,3 GB
Total War: SHOGUN 2,Intel Core 2 Duo Q6867,ATI FireMV 2400 PCIe,1 GB,32 GB
CarX Drift Racing Online,Intel Core i5-4590,Unknown,4 GB,6 GB
Wartales,Intel Core i5-1300F,Unknown,8 GB,30 GB
Total War: ATTILA,Intel Core 2 Duo E6850,ATI Radeon HD 2900 XT,3 GB,35 GB
Overcooked! 2,Intel Core i3-2100,AMD Radeon HD 6570,4 GB,3 GB
My Time at Sandrock,Intel Core i3-2100,Unknown,8 GB,50 GB
Spiritfarer,Intel Core 2 Duo Q6867,NVIDIA GeForce 8500 GT,4 GB,7 GB
Pro Soccer Online,Intel Core i5-1300F,Unknown,8 GB,2 GB
Tom Clancy’s The Division,Intel Core i5-2400,AMD Radeon HD 7770,6 GB,40 GB
Wreckfest,Intel Core i3-530,Unknown,8 GB,32 GB
Outward,Intel Core i5-750,NVIDIA GeForce GTS 450,4 GB,15 GB
X-Plane 11,Intel Core i5-12400T,Unknown,8 GB,20 GB
Sonic Adventure 2,Intel Pentium 4 4.00GHz,NVIDIA GeForce 8600 GT,1 GB,3 GB
Pro Cycling Manager 2024,Intel Core i3-540,Unknown,4 GB,20 GB
The Elder Scrolls V: Skyrim VR,Intel Core i5-6600K,AMD Radeon RX 480,8 GB,15 GB
Thief Simulator,Intel Core i5-12400T,NVIDIA GeForce GTX 750,8 GB,5 GB
PROJECT: PLAYTIME,Intel Core i5-12400T,AMD Radeon RX 580,8 GB,20 GB
NieR Replicant™ ver.1.22474487139...,Intel Core i5-6400,Unknown,8 GB,26 GB
Tales of Arise,Intel Core i5-2300,NVIDIA GeForce GTX 760,8 GB,45 GB
Eiyuden Chronicle: Hundred Heroes,Intel Core i5-4670K,AMD Radeon R7 260X,8 GB,30 GB
Sniper Ghost Warrior Contracts 2,Intel Core i5-7600,AMD Radeon RX 580,8 GB,20 GB
Viscera Cleanup Detail,Intel Core 2 Duo Q6867,ATI Radeon HD 3870,4 GB,5 GB
Call to Arms,Intel Core 2 Duo E8400,NVIDIA GeForce 7100 / nForce 630i,4 GB,40 GB
Resident Evil Revelations 2 / Biohazard Revelations 2,Intel Core 2 Duo E6700,ATI Radeon HD 3850,2 GB,23 GB
System Shock,Intel Core i5-2400,AMD Radeon HD 7870,4 GB,2 GB
Test Drive Unlimited Solar Crown,Intel Core i7-7700K  / Ryzen 7 1800X,NVIDIA GeForce GTX 1660  / Radeon RX 480,12 GB,50 GB
Mouthwashing,Intel Core i5-6300HQ,NVIDIA GeForce GTX 560,8 GB,3 GB
CRISIS CORE FINAL FANTASY VII REUNION,Intel Core i3-3210  / A8-7600,AMD Radeon RX 460  / GeForce GTX 750 Ti,8 GB,30 GB
Expeditions: A MudRunner Game,Intel Core i3-9100,Unknown,8 GB,20 GB
Hi-Fi RUSH,Intel Core i5-6500  / Ryzen 3 1200,NVIDIA GeForce GTX 1050  / Radeon RX 570,8 GB,20 GB
Grand Theft Auto III – The Definitive Edition,Intel Core i5-6600K,AMD Radeon R9 280,8 GB,5 GB
GhostWire: Tokyo,Intel Core i7-4770K,NVIDIA GeForce GTX 1060,12 GB,20 GB
Cooking Simulator,Intel Core i5-3550,NVIDIA GeForce GTX 660 Ti,6 GB,6 GB
Dawnlands,Intel Core i5-1300F,NVIDIA GeForce GTX 760,8 GB,4 GB
Sex Desert: Mad Lust,Intel Core i5-12400T,Unknown,16 GB,6 GB
Life is Strange: True Colors,Intel Core i5-2300,AMD Radeon HD 7790,6 GB,30 GB
Mirror's Edge™ Catalyst,Intel Core i3-3250,Unknown,6 GB,25 GB
Thymesia,Intel Core i5-12400T,NVIDIA GeForce GTX 950,8 GB,16 GB
LIGHTNING RETURNS: FINAL FANTASY XIII,Intel Core 2 Duo Q6867,ATI Radeon HD 4770,1.46 GB,22 GB
Tower! Simulator 3.,Intel Core i5-1300F,AMD Radeon R5 M230,16 GB,20 GB
Geo-Political Simulator 5,Intel Core i5-1300F,AMD Radeon HD 5450,16 GB,16 GB
The Cabin Factory,Intel Core i5-12400T,Unknown,4 GB,2 GB
Disney Epic Mickey: Rebrushed,Intel Core i3-4130,AMD Radeon R9 380,8 GB,28 GB
Spec Ops: The Line,AMD Athlon 64 FX-51,NVIDIA GeForce 8600 GT,2 GB,6 GB
Orc Massage,Intel Core i3-6300,NVIDIA GeForce GTX 660,8 GB,8 GB
At Dead Of Night,Intel Core i5-12400T,Unknown,2 GB,5 GB
Double Shoulders,Intel Core i5-12400T,NVIDIA GeForce GTX 1080,16 GB,1.27 GB
Granny: Chapter Two,Intel Core i5-750,ATI Radeon HD 5770,4 GB,870 MB
Attack on Titan / A.O.T. Wings of Freedom,Intel Core i7-870,NVIDIA GeForce GTS 450,4 GB,25 GB
CityDriver,Intel Core i5-10400F,Unknown,16 GB,30 GB
LEGO Horizon Adventures,Intel Core i5-8400  / Ryzen 5 2600,NVIDIA GeForce GTX 1650  / Radeon RX 580,16 GB,30 GB
Forza Motorsport 8,Intel Core i5-8400  / Ryzen 5 1500X,NVIDIA GeForce GTX 1070  / Radeon RX 590,16 GB,110 GB
Taxi Simulator,Intel Core i5-750,Unknown,4 GB,6 GB
JDM: Rise of the Scorpion,Intel Core i5-7400,Intel Arc A580,8 GB,16 GB
Crime Simulator,Intel Core i3-6100,NVIDIA GeForce GTX 1060,8 GB,15 GB
Wild Assault,Intel Core i5-6600K,Unknown,8 GB,30 GB
Crime Boss: Rockay City,Intel Core i7-4790,NVIDIA GeForce GTX 1650,16 GB,90 GB
Chrono Odyssey,Intel Core i5-3570K,AMD Radeon RX 6600,16 GB,50 GB
Sand,Intel Core i7-9700,Unknown,24 GB,10 GB
Crypto Mining,Intel Core i5-7600K,Unknown,8 GB,2 GB
GODDESS OF VICTORY,Intel Core i3-2340UE,NVIDIA GeForce 510,4 GB,300 MB
INAZUMA ELEVEN: Victory Road,Intel Core i3-3225,AMD Radeon R7 370,8 GB,Unknown
Let's Go!,Intel Pentium 4 2.00GHz,NVIDIA GeForce 7100 / nForce 630i,8 MB,2 GB
Broken Arrow,Intel Core i5-1300F,NVIDIA GeForce GTX 1050,8 GB,60 GB
Japanese Drift Master,Intel Core i5-9400F,Intel Arc A580,16 GB,18 GB
Dying Light: The Beast,Intel Core 2 Duo E8400,NVIDIA GeForce 510,4 GB,Unknown
VEIN,Intel Core 2 Duo E8400,NVIDIA GeForce RTX 2060,8 GB,40 GB
A Test,Intel Pentium 4 2.00GHz,Unknown,128 MB,93 MB
Beyond Reason,Intel Core i5-12400T,Unknown,4 GB,5 GB
Paradise,Intel Core i5-12400T,Unknown,1 GB,Unknown
HASTE,Intel Core 2 Duo E8400,NVIDIA GeForce 510,2 GB,2.44 GB
MapleStory,Intel Core 2 Duo Q6867,AMD Radeon HD 5670,8 GB,50 GB
Tabletop Simulator,Intel Core 2 Duo E8400,NVIDIA GeForce 6100,4 GB,6 GB
WorldBox - God Simulator,Intel Core i5-1300F,Unknown,4 GB,300 MB
Dinkum,Intel Core i3-2340UE,NVIDIA GeForce GTX 560,4 GB,1 GB
RuneScape,Intel Core i3-530,Intel HD 4000,4 GB,8 GB
Pantheon: Rise of the Fallen,Intel Core 2 Duo E6850,AMD Radeon RX 5600,8 GB,30 GB
MY HERO ULTRA RUMBLE,Intel Core i5-2550K,Unknown,4 GB,10 GB
Mount & Blade: Warband,Intel Core Duo T2450,NVIDIA GeForce FX 5200,1 GB,1 GB
Barotrauma,Intel Core 2 Duo Q6867,AMD Radeon HD 5450,4 GB,2 GB
Insurgency: Sandstorm,Intel Core i5-4440,Unknown,8 GB,40 GB
Workers & Resources: Soviet Republic,Intel Core 2 Duo E4700,AMD Radeon HD 6250,8 GB,5 GB
Darkest Dungeon 2,Intel Core i5-4460,AMD Radeon R7 370,8 GB,6 GB
MORDHAU,Intel Core i5-4670,NVIDIA GeForce GTX 680,8 GB,40 GB
Slime Rancher,Intel Core 2 Duo Q6867,NVIDIA GeForce 7200 GS,4 GB,1 GB
Diplomacy is Not an Option,Intel Core i5-6400,NVIDIA GeForce GTX 960,6 GB,2 GB
Infection Free Zone,Intel Core i5-3570K,Unknown,8 GB,5 GB
Krita,Intel Core 2 Duo T5200,Intel 82945G Express,2 GB,300 MB
Neverwinter,Intel Core 2 Duo E8400,AMD Radeon X1300,2 GB,23 GB
Stay Out,Intel Core i5-12400T,Unknown,7.81 GB,21 GB
Orcs Must Die! Deathtrap,Intel Core i5-12400T,Unknown,8 GB,15 GB
DC Universe Online,Intel Core 2 Duo E8400,NVIDIA GeForce 7800 GTX,1 GB,30 GB
Undawn,Intel Core i5-4430,NVIDIA GeForce GTX 660,4 GB,20 GB
Evil Genius 2: World Domination,Intel Core i3-8100,AMD Radeon RX 550,8 GB,18 GB
Norland,Intel Core i3-8100,NVIDIA GeForce GTX 1060,8 GB,1 GB
Train Simulator 2020,Intel Core i3-4330,Unknown,4 GB,40 GB
Starship Troopers: Extermination,Intel Core i3-8100,Unknown,12 GB,20 GB
ACE COMBAT 7: SKIES UNKNOWN,Intel Core i3-7100,NVIDIA GeForce GTX 750 Ti,4 GB,50 GB
Blasphemous 2,Intel Core 2 Duo E8400,Unknown,4 GB,4 GB
Yakuza Kiwami 2,Intel Core i5-3470,AMD Radeon HD 7870,4 GB,42 GB
KINGDOM HEARTS III + Re Mind (DLC),Intel Core i5-3330,NVIDIA GeForce GTX 760,8 GB,75 GB
Bully: Scholarship Edition,Intel Pentium 4 4.00GHz,AMD Radeon X1300,1 GB,7 GB
Stranded Deep,Intel Core 2 Duo T5600,Intel HD 5500,4 GB,1 GB
GoreBox,Intel Core i5-10400F,NVIDIA GeForce GT 1030,4 GB,1 GB
Metro: Last Light Redux,Intel Core 2 Duo T5850,NVIDIA GeForce 8800 GT,2 GB,10 GB
Subverse,Intel Core i5-7600K,AMD Radeon RX 570,8 GB,40 GB
Way of the Hunter,Intel Core i3-8100,AMD Radeon R9 380,8 GB,19 GB
Tomb Raider I-III Remastered,Intel Core i3-3240,Unknown,4 GB,5 GB
Alien: Isolation,Intel Core 2 Duo E8500,AMD Radeon HD 5550,4 GB,35 GB
Monster Hunter Stories 2: Wings of Ruin,Intel Core i5-3470,AMD Radeon RX 560,4 GB,28 GB
Police Simulator: Patrol Officers,Intel Core i3-2120,NVIDIA GeForce GTX 760,8 GB,12 GB
THE KING OF FIGHTERS XV,Intel Core i5-12400T,Unknown,8 GB,65 GB
Fae Farm,Intel Core i3-4160,Unknown,8 GB,5 GB
LEGO City Undercover,Intel Core i5-760,ATI Radeon HD 5850,4 GB,18 GB
MudRunner,Intel Core 2 Duo Q6867,NVIDIA GeForce 9600 GT,2 GB,1 GB
Ultimate Epic Battle Simulator 2,Intel Core i5-4590,AMD Radeon R5 M230,8 GB,20 GB
Assassin's Creed Revelations,Intel Core 2 Duo E4400,NVIDIA GeForce 6200,2 GB,12 GB
NBA 2K20,Intel Core i3-530,AMD Radeon HD 7770,4 GB,80 GB
SIGNALIS,Intel Core i5-2300,Unknown,4 GB,2 GB
Saints Row 3,Intel Core 2 Duo T7250,NVIDIA GeForce 8800 GT,2 GB,10 GB
LEGO MARVEL's Avengers,Intel Core 2 Quad Q6600,AMD Radeon HD 6850,4 GB,14 GB
We Were Here,Intel Core i3-4130,Intel HD 4000,4 GB,3 GB
Vigor,Intel Core i3-8100,Unknown,8 GB,18 GB
METAL GEAR SOLID 3: Snake Eater - Master Collection Version,Intel Core i5-7500,NVIDIA GeForce GTX 970,8 GB,15 GB
1000xRESIST,Intel Core i5-12400T,NVIDIA GeForce GTX 1650,8 GB,10 GB
RIDE 4,Intel Core i5-2500K,NVIDIA GeForce GTX 1050,8 GB,43 GB
BIGFOOT,Intel Core i3-8130U,NVIDIA GeForce GT 730,2 GB,10 GB
Attack on Titan 2 - A.O.T.2 - 進撃の巨人２,Intel Core i5-2400,NVIDIA GeForce GTX 660,6 GB,30 GB
"The Legend of Heroes: Kai no Kiseki -Farewell, O Zemuria-",Intel Core i5-3470,Unknown,8 GB,55 GB
Hard Bullet,Intel Core i5-10400,NVIDIA GeForce GTX 1070,8 GB,20 GB
Wolfenstein: The Old Blood,Intel Core i5-2500,Unknown,4 GB,38 GB
DEATHLOOP,Intel Core i5-8400,AMD Radeon RX 580,12 GB,30 GB
Sonic Generations Collection,Intel Core 2 Duo Q6867,ATI Radeon HD 2900 GT,2 GB,11 GB
NBA 2K19,Intel Core i3-530,AMD Radeon HD 7770,4 GB,80 GB
Tennis Elbow 4,Intel Core i3-3217UE,ATI Radeon HD 5750,4 GB,4 GB
Bendy and the Ink Machine,Intel Core i5-12400T,AMD Radeon R5 M230,8 GB,2 GB
Far Cry,Intel Core 2 Duo E8400,Unknown,256 MB,4 GB
Pioneers of Pagonia,Intel Core i5-1300F,Unknown,8 GB,5 GB
Bendy and the Dark Revival,Intel Core 2 Duo E8400,Unknown,8 GB,15 GB
Visions of Mana,Intel Core i5-6400,Unknown,16 GB,45 GB
The Last Stand: Aftermath,Intel Core i5-10400F,AMD Radeon RX 570,8 GB,5 GB
RAGE 2,Intel Core i5-3570,AMD Radeon R9 280,8 GB,50 GB
Burnout Paradise Remastered,Intel Core i3-2120,ATI Radeon HD 5750,4 GB,8 GB
The Walking Dead: A New Frontier,Intel Core 2 Duo Q6867,NVIDIA GeForce GTS 450,3 GB,8 GB
VR HOT,Intel Core i5-12400T,NVIDIA GeForce GTX 1080 Ti,16 GB,25 GB
Tom Clancy’s Splinter Cell Blacklist,Intel Core 2 Duo E6400,NVIDIA GeForce 7200 GS,2 GB,25 GB
I Am Fish,Intel Core i5-3470,NVIDIA GeForce GTX 960,6 GB,12 GB
Aerofly FS 4 Flight Simulator,Intel Core i5-4590,AMD Radeon RX Vega 7,8 GB,100 GB
Tom Clancy's Ghost Recon: Future Soldier,Intel Core i5-1300F,Unknown,2 GB,25 GB
F1 2017,Intel Core i3-530,NVIDIA GeForce GTX 460,8 GB,40 GB
Darksiders,Intel Pentium 4 4.00GHz,ATI Radeon X1900,1 GB,12 GB
Cinemaster Cinema Simulator,Intel Core i5-12400T,NVIDIA GeForce GTX 1050,4 GB,5 GB
Underground Garage,Intel Core i5-4590,Unknown,8 GB,8 GB
Crysis 2,AMD Athlon 64 X2 3800+,NVIDIA GeForce 8800 GT,2 GB,9 GB
Jujutsu Kaisen Cursed Clash,Intel Core i3-2125,Unknown,4 GB,10 GB
Enotria: The Last Song,Intel Core i5-6600,Unknown,16 GB,50 GB
Ambulance Life: A Paramedic Simulator,Intel Core i7-8700K,Unknown,16 GB,60 GB
Prince of Persia: The Forgotten Sands,AMD Athlon 64 X2 4400+,ATI FireMV 2400 PCIe,1 GB,8 GB
F1 2016,Intel Core i3-530,NVIDIA GeForce GTX 460,8 GB,30 GB
Sex Formula,Intel Core 2 Duo E8400,NVIDIA GeForce GTX 1050,12 GB,30 GB
MADiSON,Intel Core i3-2340UE,AMD Radeon R7 370,6 GB,10 GB
Midnight Fight Express,Intel Core i7-7500U,Intel HD Graphics 620,8 GB,7 GB
THE HOUSE OF THE DEAD: Remake,Intel Core i5-3570K,Unknown,8 GB,7 GB
Horizon,Intel Core 2 Duo Q6867,NVIDIA GeForce 7200 GS,2 GB,5 GB
Ironsight,Intel Core 2 Duo E7500,NVIDIA GeForce 9600 GT,4 GB,8 GB
Hearthstone,Intel Pentium D 805,NVIDIA GeForce 8600 GT,3 GB,3 GB
The Parasites,Intel Core i5-3570,Unknown,8 GB,17 GB
Sword & Shield Simulator,Intel Core i7-6700,NVIDIA GeForce GTX 1070,4 GB,10 GB
Windows 10,Unknown,Unknown,Unknown,Unknown
SteamVR Performance Test,Intel Core 2 Duo U7600,NVIDIA GeForce 8600 GT,2 GB,Unknown
UNDISPUTED,Intel Core i5-4400E,NVIDIA GeForce GTX 760,4 GB,Unknown
Elite Dangerous: Odyssey,Intel Core i5-4590,NVIDIA GeForce GTX 780,8 GB,75 GB
Kingdom Hearts 3,Intel Core i5-3330,NVIDIA GeForce GTX 760,8 GB,75 GB
Car Repair,Intel Core i5-12400T,Unknown,8 GB,30 GB
Operation Lovecraft: Fallen Doll,Intel Core i5-7500,Unknown,12 GB,15 GB
Splitgate 2,Intel Core i5-2500K,Unknown,8 GB,Unknown
Violet,Intel Core i5-10400,NVIDIA GeForce GTX 1060,4 GB,35 GB
Split Fiction - Friend's Pass,Intel Core i5-6600K,AMD Radeon RX 470,16 GB,85 GB
Switch,Intel Pentium 4 2.00GHz,NVIDIA GeForce 510,4 MB,100 MB
Genius Calculator,Intel Pentium 4 2.00GHz,Unknown,1 GB,50 MB
3DXChat,Intel Core i3-2340UE,AMD Radeon HD 5450,4 GB,10 GB
Threads of Time,Intel Core i5-12400T,NVIDIA GeForce 510,4 GB,Unknown
Prince of Persia: The Lost Crown,Intel Core i5-4460  / Ryzen 3 1200,NVIDIA GeForce GTX 950  / Radeon RX 5500 XT,8 GB,30 GB
Blue Prince,Intel Core i5-2300,NVIDIA GeForce GTX 1060,16 GB,6 GB
GOALS,Intel Core i5-12400T,Unknown,4 GB,Unknown
Yu-Gi-Oh! Master Duel,Intel Core i5-7300U,Intel HD Graphics 620,8 GB,16 GB
Russian Fishing 4,Intel Core i3-530,NVIDIA GeForce GTX 550 Ti,4 GB,20 GB
Brotato,Intel Core i3-2310M,ATI FireMV 2260,4 GB,200 MB
STALCRAFT,Intel Core i5-3470,Unknown,4 GB,50 GB
Timberborn,Intel Core i5-12400T,AMD Radeon R9 380,4 GB,3 GB
SMITE,Intel Core 2 Duo T7700,NVIDIA GeForce 8800 GTX,4 GB,30 GB
Red Dead Online,Intel Core i5-2500K,AMD Radeon R9 280,4 GB,150 GB
Grim Dawn,Intel Core i3-2100,NVIDIA GeForce 6800,2 GB,5 GB
Mystery Mask: The Immortal Soul,Intel Core i5-8400  / Ryzen 3 3300X,NVIDIA GeForce GTX 970  / Radeon RX 580,16 GB,25 GB
Rivals 2,Intel Core 2 Duo Q6867,NVIDIA GeForce GTX 1060,4 GB,20 GB
Phantasy Star Online 2,Intel Core i3-4150,NVIDIA GeForce GT 430,8 GB,103 GB
KINGDOM HEARTS HD 1.5 + 2.5 ReMIX,Intel Core i3-3210,NVIDIA GeForce GTX 750,4 GB,60 GB
Godot Engine,Intel Core 2 Duo E8400,NVIDIA GeForce 6200,4 GB,Unknown
Inscryption,Intel Core i5-760,AMD Radeon HD 6850,4 GB,3 GB
Nioh 2 – The Complete Edition,Intel Core i5-4460,NVIDIA GeForce GTX 970,6 GB,85 GB
Sins of a Solar Empire II,Intel Core i5-12400T,Unknown,8 GB,20 GB
Tower of Fantasy,Intel Core i5-4400E,NVIDIA GeForce GT 1030,8 GB,25 GB
Scrap Mechanic,Intel Core 2 Duo Q6867,Intel HD 520,8 GB,15 GB
Nightingale,Intel Core i7-3770,NVIDIA GeForce GTX 1070,16 GB,100 GB
Solasta Crown of the Magister,Intel Core i5-3570K,NVIDIA GeForce GTX 950,8 GB,20 GB
Granblue Fantasy Versus: Rising,Intel Core i5-3470,AMD Radeon HD 6870,4 GB,20 GB
Sunkenland,Intel Core 2 Duo Q6867,NVIDIA GeForce 8800 GT,8 GB,Unknown
Pax Dei,Intel Core i5-7600K,AMD Radeon RX 5700,16 GB,80 GB
Derail Valley,Intel Core i5-7400,NVIDIA GeForce GTX 650,16 GB,6 GB
CHRONO TRIGGER,Intel Core i3-530,Intel HD 530,4 GB,2 GB
MultiVersus,Intel Core i5-2300,AMD Radeon HD 7770,4 GB,Unknown
Drug Dealer Simulator 2,Intel Core i5-8400,Unknown,16 GB,30 GB
Roboquest,Intel Core i3-4130,NVIDIA GeForce GTX 660,8 GB,6 GB
Nuclear Option,Intel Core i5-7600K,AMD Radeon HD 5450,8 GB,2 GB
South Park: The Fractured But Whole,Intel Core i5-2400,AMD Radeon HD 7850,6 GB,20 GB
Big Ambitions,Intel Core i5-12400T,NVIDIA GeForce GTX 960,8 GB,12 GB
The Escapists 2,Intel Core 2 Duo E8400,Unknown,2 GB,4 GB
Liftoff: FPV Drone Racing,Intel Core i5-1300F,Unknown,8 GB,25 GB
Getting Over It with Bennett Foddy,Intel Core 2 Duo Q6867,Intel HD 4000,2 GB,2 GB
Windblown,Intel Core i5-12400T,Unknown,8 GB,4 GB
Remnant: From the Ashes,Intel Core i3-7350K,AMD Radeon RX 470,8 GB,Unknown
Gang Beasts,Intel Core 2 Duo E8400,Unknown,4 GB,2 GB
ContractVille,Intel Core i5-8400,Unknown,8 GB,16 GB
S.T.A.L.K.E.R.: Shadow of Chernobyl,Intel Pentium 4 2.00GHz,NVIDIA GeForce 9600 GT,512 MB,6 GB
City Car Driving,Intel Core 2 Duo E8400,AMD Radeon R7 240,4 GB,10 GB
Street Fighter V,Intel Core i3-4160,NVIDIA GeForce GTX 480,6 GB,Unknown
Songs of Conquest,Intel Core i5-4400E,Unknown,8 GB,4 GB
Borderlands,Intel Pentium 4 2.40GHz,ATI Radeon 3000,1 GB,8 GB
Stronghold Crusader 2,Intel Core 2 Duo Q6867,Unknown,2 GB,4 GB
OUTBRK,Intel Core i5-8400,NVIDIA GeForce GTX 970,12 GB,60 GB
Command & Conquer™ Generals,Intel Core i5-1300F,NVIDIA GeForce 8500 GT,1 GB,2 GB
Treasure of Nadia,Intel Core 2 Duo Q6867,AMD Radeon HD 6250,2 GB,9 GB
ONE PIECE: PIRATE WARRIORS 4,Intel Core i5-3450,Unknown,8 GB,25 GB
War on the Sea,Intel Core i5-12400T,NVIDIA GeForce 510,4 GB,4 GB
JoJo's Bizarre Adventure: All-Star Battle R,Intel Core i3-6300,Unknown,8 GB,6 GB
Cruelty Squad,Intel Core i7-7700HQ,NVIDIA GeForce GTX 1050,2 GB,1000 MB
Monster Hunter Stories,Intel Core i5-3470,Unknown,4 GB,20 GB
Infinite Lagrange,Intel Core i3-2340UE,ATI FireMV 2260,2 GB,1 GB
The Ranch of Rivershine,Intel Core i5-12400T,NVIDIA GeForce GTX 960,8 GB,5 GB
NIGHT-RUNNERS™ PROLOGUE,Intel Core i5-4460,Unknown,8 GB,8 GB
Reka,Intel Core i5-6400,Unknown,8 GB,5 GB
Only Climb: Better Together,Intel Core i3-8100,NVIDIA GeForce GTX 1060,12 GB,15 GB
Arcadegeddon,Intel Core i5-1300F,Unknown,8 GB,10 GB
Tropico 5,Intel Core 2 Duo Q6867,Intel HD 4000,4 GB,4 GB
City Bus Manager,Intel Core i5-1300F,NVIDIA GeForce GTX 760,8 GB,5 GB
Saints Row 2,Intel Core 2 Duo E8400,NVIDIA GeForce 7600 GT,1 GB,15 GB
Banishers: Ghosts of New Eden,Intel Core i3-8300,Unknown,8 GB,52 GB
SOMA,Intel Core 2 Duo E8400,Unknown,4 GB,25 GB
STAR WARS - The Force Unleashed Ultimate Sith Edition,Intel Core 2 Duo Q6867,NVIDIA GeForce 8600 GT,2 GB,30 GB
"Little Kitty, Big City",Intel Core i5-760,NVIDIA GeForce GTX 650,4 GB,4 GB
Life is Strange Remastered,Intel Core i3-2100,NVIDIA GeForce GTX 460,4 GB,42 GB
BIOMUTANT,Intel Core i5-4690K,AMD Radeon R9 380,8 GB,25 GB
Hatred,Intel Core i5-750,Unknown,4 GB,5 GB
Road 96 ?️,Intel Core i5-4460,Unknown,8 GB,15 GB
Unravel Two,Intel Core i3-2120,NVIDIA GeForce GTX 650 Ti,4 GB,8 GB
We Happy Few,Intel Pentium 4 2.00GHz,NVIDIA GeForce GTX 460,8 GB,6 GB
Indigo Park,Intel Core 2 Duo E8400,NVIDIA GeForce 510,4 GB,Unknown
Citizen Sleeper 2: Starward Vector,Intel Core i5-12400T,NVIDIA GeForce 7100 / nForce 630i,4 GB,2 GB
Century: Age of Ashes,AMD FX-8350,Unknown,6 GB,10 GB
NARUTO SHIPPUDEN: Ultimate Ninja STORM 3 Full Burst HD,AMD Athlon 64 X2 6400+,NVIDIA GeForce 8500 GT,2 GB,23 GB
Zero Hour,Intel Core i3-7100,Unknown,12 GB,25 GB
Peripeteia,Intel Core i5-12400T,Unknown,6 GB,Unknown
RAGE,Intel Core 2 Duo Q6867,ATI Radeon HD 4200,2 GB,25 GB
Steelrising,Intel Core i7-3770,Unknown,8 GB,67 GB
Corner Kitchen Fast Food Simulator,Intel Core i7-6700,NVIDIA GeForce GTX 1060,8 GB,4 GB
Prison Simulator,Intel Core i3-2340UE,Unknown,8 GB,6 GB
NBA 2K18,AMD Phenom II X4 805,NVIDIA GeForce GTX 770,4 GB,70 GB
WRC 10 FIA World Rally Championship,Intel Core i5-2300,Unknown,8 GB,Unknown
The Bus,Intel Core i5-4460,AMD Radeon RX 5500,8 GB,60 GB
Battlefield Hardline,Intel Core i3-530,ATI Radeon HD 5770,4 GB,60 GB
DYNASTY WARRIORS 9 Empires,Intel Core i5-4460,Unknown,6 GB,50 GB
ONE PIECE World Seeker,Intel Core i5-2300,NVIDIA GeForce GTX 660,4 GB,25 GB
Burnout Paradise: The Ultimate Box,Intel Pentium 4 2.80GHz,AMD Radeon X1300,1 GB,4 GB
FAR: Changing Tides,Intel Pentium G4500,AMD Radeon R7 370,4 GB,4 GB
MEMORIAPOLIS,AMD Ryzen 5 3600,Unknown,8 GB,6 GB
TIEBREAK: Official game of the ATP and WTA,Intel Core i3-2100,Unknown,8 GB,50 GB
Rugby 25,Intel Core i3-2100,Unknown,8 GB,30 GB
Dragon's Dogma 2 Character Creator & Storage,Intel Core i5-10600  / Ryzen 5 3600,NVIDIA GeForce GTX 1070  / Radeon RX 5500 XT,16 GB,7 GB
Lost Lullabies: The Orphanage Chronicles,Intel Core i5-3550,Unknown,4 GB,10 GB
The Complex: Found Footage,Intel Core i5-4460,Unknown,4 GB,Unknown
State of Decay,Intel Core 2 Duo Q6867,AMD Radeon HD 2600 XT,2 GB,3 GB
The Inn-Sanity,Intel Core i5-8400,Unknown,6 GB,27 GB
Device Doctor Simulator 2024,Intel Core i5-4690,NVIDIA GeForce GTX 760,8 GB,5 GB
Heavy Cargo - The Truck Simulator,Intel Core i3-8100,AMD Radeon RX 570,8 GB,40 GB
Miami Paradise,Intel Core i5-12400T,NVIDIA GeForce GTX 1080,8 GB,6 GB
Ashen,AMD FX-4170,Unknown,4 GB,15 GB
Undefeated,Intel Core i5-12400T,Unknown,128 MB,200 MB
MosGhost,Intel Core i5-9400,AMD Radeon RX 6600,8 GB,4 GB
Arma 2,AMD Athlon 3200+,NVIDIA GeForce 7800 GT,1 GB,10 GB
Exoborne,Intel Core i7-8700,NVIDIA GeForce GTX 1660,16 GB,75 GB
Haunted by Femboy,Intel Core i5-12400T,Unknown,512 MB,Unknown
The Voice in the Void,Intel 1300,Intel Media Accelerator 600,70 MB,47 MB
Ertugrul,Intel Core i7-6700,Unknown,16 GB,20 GB
NERO,Intel Core i3-2100,Unknown,4 GB,12 GB
XDefiant,AMD Ryzen 5 1400  / Core i7-4790K,AMD Radeon RX 560  / GeForce GTX 1050 Ti,8 GB,35 GB
Tony Hawk's™ Pro Skater™ 3 + 4,Intel Core 2 Duo E8400,NVIDIA GeForce 510,4 GB,Unknown
TFT requirements,Intel Pentium 4 2.00GHz,AMD Radeon HD 5670,4 GB,12 GB
One More Night,Intel Core 2 Duo Q6867,NVIDIA GeForce 9800 GT,2 GB,1 GB
Stronghold Crusader: Definitive Edition,Intel Core i3-6100,AMD Radeon HD 5450,8 GB,7 GB
Maximum,Intel Core 2 Duo Q6867,Unknown,512 MB,10 MB
SWORN,Intel Core 2 Duo E4700,ATI Radeon HD 5770,4 GB,5 GB
"One Iced Latte With Your Breast Milk, Please! ☕",Intel Core 2 Duo Q6867,Unknown,512 MB,600 MB
Metin2,Intel Core i5-4400E,NVIDIA GeForce 7200 GS,1 GB,6 GB
Train Simulator,Intel Core i3-540,NVIDIA GeForce GTX 960,8 GB,7 GB
Pine Harbor,Intel Core i3-8100,Unknown,8 GB,15 GB
FootballLife,Intel Core i5-5350U,NVIDIA GeForce GT 630,8 GB,1 GB
Life After End,Intel Core i5-4460,Unknown,8 GB,65 GB
Rune Factory: Guardians of Azuma,Intel Core i5-10400,NVIDIA GeForce GTX 1650,8 GB,20 GB
Rogue Company,Intel Core i5-2320,NVIDIA GeForce GTX 650,4 GB,20 GB
Race Master,Intel Core i5-12400T,AMD Radeon R9 270,4 GB,4 GB
Overwatch,AMD Phenom 8650,ATI Radeon HD 4850,4 GB,30 GB
Anthem,AMD FX-6350,NVIDIA GeForce GTX 970,8 GB,50 GB
Magic: The Gathering Arena,AMD Athlon 64 X2 5600+,NVIDIA GeForce 8800 GTX,2 GB,10 GB
Don't Starve Together,Intel Pentium 4 2.00GHz,AMD Radeon HD 5450,1 GB,750 MB
Slay the Spire,Intel Pentium 4 2.00GHz,NVIDIA GeForce 8300 GS,4 GB,1 GB
Oxygen Not Included,Intel Core 2 Duo T5750,Intel HD 4600,4 GB,2 GB
MX Bikes,Intel Core i5-4590,Unknown,4 GB,2 GB
Nubby's Number Factory,Intel Core i5-12400T,NVIDIA GeForce 510,4 GB,Unknown
Football Manager 2023,AMD Athlon 64 FX-34,AMD GeForce 9600M GT,4 GB,7 GB
Darkest Dungeon,Intel Core 2 Duo E8400,NVIDIA GeForce 8200M G,2 GB,2 GB
Predecessor,Intel Core i5-4590,Unknown,8 GB,14 GB
PlateUp!,Intel Core 2 Duo E8400,Unknown,8 GB,2 GB
Crusader Kings 2,Intel Pentium 4 2.40GHz,ATI Radeon X1900,2 GB,2 GB
Crossout,Intel Core 2 Duo E8500,AMD Radeon HD 5670,4 GB,5 GB
Starbound,Intel Core 2 Duo U7600,NVIDIA GeForce FX 5500,2 GB,3 GB
Barony,Intel Core i5-1300F,Intel HD 630,4 GB,4 GB
Yomi Hustle,Intel Core i5-7300U,Unknown,512 MB,256 MB
ONE PIECE Bounty Rush,Intel Core i5-2300,AMD Radeon HD 7770,4 GB,7 GB
Brick Rigs,Intel Core 2 Duo Q6867,NVIDIA GeForce 8500 GT,4 GB,2 GB
Total War: NAPOLEON – Definitive Edition,Intel Pentium 4 2.40GHz,NVIDIA GeForce 6200,1 GB,21 GB
FINAL FANTASY X/X-2 HD Remaster,Intel Core 2 Duo Q6867,NVIDIA GeForce 9600 GT,1 GB,37 GB
Prison Architect,Intel Core 2 Duo E4600,NVIDIA GeForce 8600 GT,4 GB,300 MB
Gloomhaven,Intel Core i5-3470,AMD Radeon R9 280,8 GB,14 GB
UBOAT,Intel Core 2 Duo E8400,Unknown,6 GB,71 GB
SPORE,Intel Pentium 4 2.00GHz,Unknown,512 MB,4 GB
Railroader,Intel Core i5-12400T,NVIDIA GeForce GTX 1660,8 GB,8 GB
Pummel Party,Intel Core 2 Duo Q6867,Unknown,3 GB,1 GB
Banished,Intel Core 2 Duo Q6867,NVIDIA GeForce 7200 GS,512 MB,250 MB
Digimon Story Cyber Sleuth: Complete Edition,Intel Pentium G4400,AMD GeForce 9800 GTX,4 GB,4 GB
OMORI,Intel Pentium 4 2.00GHz,AMD Radeon HD 6250,4 GB,2 GB
Total War: PHARAOH DYNASTIES,Intel Core i3-2100,Unknown,6 GB,80 GB
